-- phpMyAdmin SQL Dump
-- version 4.9.0.1
-- https://www.phpmyadmin.net/
--
-- Хост: 10.0.0.54
-- Время создания: Янв 29 2021 г., 16:34
-- Версия сервера: 5.7.31-34
-- Версия PHP: 7.2.33

SET SQL_MODE = "NO_AUTO_VALUE_ON_ZERO";
SET AUTOCOMMIT = 0;
START TRANSACTION;
SET time_zone = "+00:00";


/*!40101 SET @OLD_CHARACTER_SET_CLIENT=@@CHARACTER_SET_CLIENT */;
/*!40101 SET @OLD_CHARACTER_SET_RESULTS=@@CHARACTER_SET_RESULTS */;
/*!40101 SET @OLD_COLLATION_CONNECTION=@@COLLATION_CONNECTION */;
/*!40101 SET NAMES utf8mb4 */;

--
-- База данных: `a0418497_docku_dev`
--

-- --------------------------------------------------------

--
-- Структура таблицы `brands`
--

CREATE TABLE `brands` (
  `id` bigint(20) UNSIGNED NOT NULL,
  `name` varchar(255) COLLATE utf8mb4_unicode_ci NOT NULL,
  `created_at` timestamp NULL DEFAULT NULL,
  `updated_at` timestamp NULL DEFAULT NULL
) ENGINE=InnoDB DEFAULT CHARSET=utf8mb4 COLLATE=utf8mb4_unicode_ci;

--
-- Дамп данных таблицы `brands`
--

INSERT INTO `brands` (`id`, `name`, `created_at`, `updated_at`) VALUES
(1, 'Lib Tech', '2021-01-25 15:00:22', '2021-01-25 15:00:22'),
(2, 'Capita', '2021-01-25 15:00:38', '2021-01-25 15:00:38'),
(3, 'GNU', '2021-01-26 07:17:29', '2021-01-26 07:17:29'),
(4, 'Burton', '2021-01-26 07:17:48', '2021-01-26 07:17:48'),
(5, 'Thirty Two', '2021-01-26 07:18:05', '2021-01-26 07:18:05'),
(6, 'Union', '2021-01-26 07:18:21', '2021-01-26 07:18:21'),
(7, 'Demon', '2021-01-26 07:18:29', '2021-01-26 07:18:29'),
(8, 'Airblaster', '2021-01-26 07:18:45', '2021-01-26 07:18:45'),
(9, 'Nitro', '2021-01-26 07:23:29', '2021-01-26 07:23:29');

-- --------------------------------------------------------

--
-- Структура таблицы `cart_items`
--

CREATE TABLE `cart_items` (
  `id` bigint(20) UNSIGNED NOT NULL,
  `user_id` bigint(20) UNSIGNED NOT NULL,
  `product_sku_id` bigint(20) UNSIGNED NOT NULL,
  `amount` int(11) NOT NULL,
  `created_at` timestamp NULL DEFAULT NULL,
  `updated_at` timestamp NULL DEFAULT NULL
) ENGINE=InnoDB DEFAULT CHARSET=utf8mb4 COLLATE=utf8mb4_unicode_ci;

--
-- Дамп данных таблицы `cart_items`
--

INSERT INTO `cart_items` (`id`, `user_id`, `product_sku_id`, `amount`, `created_at`, `updated_at`) VALUES
(16, 1, 18, 1, '2021-01-29 12:43:50', '2021-01-29 12:43:50'),
(17, 1, 11, 1, '2021-01-29 12:43:50', '2021-01-29 12:43:50'),
(19, 4, 18, 2, '2021-01-29 13:27:08', '2021-01-29 13:27:08');

-- --------------------------------------------------------

--
-- Структура таблицы `categories`
--

CREATE TABLE `categories` (
  `id` bigint(20) UNSIGNED NOT NULL,
  `name` varchar(255) COLLATE utf8mb4_unicode_ci NOT NULL,
  `to_menu` tinyint(1) NOT NULL DEFAULT '0',
  `description` text COLLATE utf8mb4_unicode_ci,
  `created_at` timestamp NULL DEFAULT NULL,
  `updated_at` timestamp NULL DEFAULT NULL
) ENGINE=InnoDB DEFAULT CHARSET=utf8mb4 COLLATE=utf8mb4_unicode_ci;

--
-- Дамп данных таблицы `categories`
--

INSERT INTO `categories` (`id`, `name`, `to_menu`, `description`, `created_at`, `updated_at`) VALUES
(2, 'Сноубординг', 0, NULL, '2021-01-25 14:49:39', '2021-01-25 14:49:39'),
(3, 'Сноуборды', 1, NULL, '2021-01-25 14:50:31', '2021-01-27 18:31:23'),
(4, 'Ботинки', 0, NULL, '2021-01-25 14:51:05', '2021-01-25 14:51:05'),
(5, 'Крепления', 0, NULL, '2021-01-25 14:55:56', '2021-01-25 14:55:56'),
(6, 'Маски', 0, NULL, '2021-01-25 14:57:35', '2021-01-25 14:57:35'),
(7, 'Шлемы', 0, NULL, '2021-01-25 14:57:55', '2021-01-25 14:57:55'),
(8, 'Защита', 0, NULL, '2021-01-25 14:58:18', '2021-01-25 14:58:18'),
(9, 'Чехлы', 0, NULL, '2021-01-25 14:59:54', '2021-01-25 14:59:54');

-- --------------------------------------------------------

--
-- Структура таблицы `categories_categories`
--

CREATE TABLE `categories_categories` (
  `id` bigint(20) UNSIGNED NOT NULL,
  `category_id` bigint(20) UNSIGNED NOT NULL,
  `child_category_id` bigint(20) UNSIGNED NOT NULL,
  `created_at` timestamp NULL DEFAULT NULL,
  `updated_at` timestamp NULL DEFAULT NULL
) ENGINE=InnoDB DEFAULT CHARSET=utf8mb4 COLLATE=utf8mb4_unicode_ci;

--
-- Дамп данных таблицы `categories_categories`
--

INSERT INTO `categories_categories` (`id`, `category_id`, `child_category_id`, `created_at`, `updated_at`) VALUES
(1, 2, 3, NULL, NULL),
(2, 2, 4, NULL, NULL),
(3, 2, 5, NULL, NULL),
(4, 2, 6, NULL, NULL),
(5, 2, 7, NULL, NULL),
(6, 2, 8, NULL, NULL),
(7, 2, 9, NULL, NULL);

-- --------------------------------------------------------

--
-- Структура таблицы `cities`
--

CREATE TABLE `cities` (
  `id` bigint(20) UNSIGNED NOT NULL,
  `name` varchar(255) COLLATE utf8mb4_unicode_ci NOT NULL,
  `pickup` tinyint(1) NOT NULL DEFAULT '0',
  `country_id` bigint(20) UNSIGNED NOT NULL,
  `created_at` timestamp NULL DEFAULT NULL,
  `updated_at` timestamp NULL DEFAULT NULL
) ENGINE=InnoDB DEFAULT CHARSET=utf8mb4 COLLATE=utf8mb4_unicode_ci;

--
-- Дамп данных таблицы `cities`
--

INSERT INTO `cities` (`id`, `name`, `pickup`, `country_id`, `created_at`, `updated_at`) VALUES
(1, 'Москва', 0, 1, NULL, NULL),
(2, 'Абрамцево', 0, 1, NULL, NULL),
(3, 'Алабино', 0, 1, NULL, NULL),
(4, 'Апрелевка', 0, 1, NULL, NULL),
(5, 'Архангельское', 0, 1, NULL, NULL),
(6, 'Ашитково', 0, 1, NULL, NULL),
(7, 'Байконур', 0, 1, NULL, NULL),
(8, 'Бакшеево', 0, 1, NULL, NULL),
(9, 'Балашиха', 0, 1, NULL, NULL),
(10, 'Барыбино', 0, 1, NULL, NULL),
(11, 'Белозёрский', 0, 1, NULL, NULL),
(12, 'Белоомут', 0, 1, NULL, NULL),
(13, 'Белые Столбы', 0, 1, NULL, NULL),
(14, 'Бородино (Московская обл.)', 0, 1, NULL, NULL),
(15, 'Бронницы', 0, 1, NULL, NULL),
(16, 'Быково (Московская обл.)', 0, 1, NULL, NULL),
(17, 'Валуево', 0, 1, NULL, NULL),
(18, 'Вербилки', 0, 1, NULL, NULL),
(19, 'Верея', 0, 1, NULL, NULL),
(20, 'Видное', 0, 1, NULL, NULL),
(21, 'Внуково', 0, 1, NULL, NULL),
(22, 'Вождь Пролетариата', 0, 1, NULL, NULL),
(23, 'Волоколамск', 0, 1, NULL, NULL),
(24, 'Вороново', 0, 1, NULL, NULL),
(25, 'Воскресенск', 0, 1, NULL, NULL),
(26, 'Восточный', 0, 1, NULL, NULL),
(27, 'Востряково', 0, 1, NULL, NULL),
(28, 'Высоковск', 0, 1, NULL, NULL),
(29, 'Голицыно (Московская обл.)', 0, 1, NULL, NULL),
(30, 'Деденево', 0, 1, NULL, NULL),
(31, 'Дедовск', 0, 1, NULL, NULL),
(32, 'Дзержинский', 0, 1, NULL, NULL),
(33, 'Дмитров', 0, 1, NULL, NULL),
(34, 'Долгопрудный', 0, 1, NULL, NULL),
(35, 'Домодедово', 0, 1, NULL, NULL),
(36, 'Дорохово', 0, 1, NULL, NULL),
(37, 'Дрезна', 0, 1, NULL, NULL),
(38, 'Дубки', 0, 1, NULL, NULL),
(39, 'Дубна', 0, 1, NULL, NULL),
(40, 'Егорьевск', 0, 1, NULL, NULL),
(41, 'Железнодорожный (Московск.)', 0, 1, NULL, NULL),
(42, 'Жилево', 0, 1, NULL, NULL),
(43, 'Жуковка', 0, 1, NULL, NULL),
(44, 'Жуковский', 0, 1, NULL, NULL),
(45, 'Загорск', 0, 1, NULL, NULL),
(46, 'Загорянский', 0, 1, NULL, NULL),
(47, 'Запрудная', 0, 1, NULL, NULL),
(48, 'Зарайск', 0, 1, NULL, NULL),
(49, 'Звенигород', 0, 1, NULL, NULL),
(50, 'Зеленоград', 0, 1, NULL, NULL),
(51, 'Ивантеевка (Московская обл.)', 0, 1, NULL, NULL),
(52, 'Икша', 0, 1, NULL, NULL),
(53, 'Ильинский (Московская обл.)', 0, 1, NULL, NULL),
(54, 'Истра', 0, 1, NULL, NULL),
(55, 'Калининец', 0, 1, NULL, NULL),
(56, 'Кашира', 0, 1, NULL, NULL),
(57, 'Керва', 0, 1, NULL, NULL),
(58, 'Климовск', 0, 1, NULL, NULL),
(59, 'Клин', 0, 1, NULL, NULL),
(60, 'Клязьма', 0, 1, NULL, NULL),
(61, 'Кожино', 0, 1, NULL, NULL),
(62, 'Кокошкино', 0, 1, NULL, NULL),
(63, 'Коломна', 0, 1, NULL, NULL),
(64, 'Колюбакино', 0, 1, NULL, NULL),
(65, 'Королев', 0, 1, NULL, NULL),
(66, 'Косино', 0, 1, NULL, NULL),
(67, 'Котельники', 0, 1, NULL, NULL),
(68, 'Красково', 0, 1, NULL, NULL),
(69, 'Красноармейск (Московская обл.)', 0, 1, NULL, NULL),
(70, 'Красногорск', 0, 1, NULL, NULL),
(71, 'Краснозаводск', 0, 1, NULL, NULL),
(72, 'Краснознаменск (Московская обл.)', 0, 1, NULL, NULL),
(73, 'Красный Ткач', 0, 1, NULL, NULL),
(74, 'Крюково', 0, 1, NULL, NULL),
(75, 'Кубинка', 0, 1, NULL, NULL),
(76, 'Купавна', 0, 1, NULL, NULL),
(77, 'Куровское', 0, 1, NULL, NULL),
(78, 'Лесной Городок', 0, 1, NULL, NULL),
(79, 'Ликино-Дулево', 0, 1, NULL, NULL),
(80, 'Лобня', 0, 1, NULL, NULL),
(81, 'Лопатинский', 0, 1, NULL, NULL),
(82, 'Лосино-Петровский', 0, 1, NULL, NULL),
(83, 'Лотошино', 0, 1, NULL, NULL),
(84, 'Лукино', 0, 1, NULL, NULL),
(85, 'Луховицы', 0, 1, NULL, NULL),
(86, 'Лыткарино', 0, 1, NULL, NULL),
(87, 'Львовский', 0, 1, NULL, NULL),
(88, 'Люберцы', 0, 1, NULL, NULL),
(89, 'Малаховка', 0, 1, NULL, NULL),
(90, 'Михайловское', 0, 1, NULL, NULL),
(91, 'Михнево', 0, 1, NULL, NULL),
(92, 'Можайск', 0, 1, NULL, NULL),
(93, 'Монино', 0, 1, NULL, NULL),
(94, 'Московский', 0, 1, NULL, NULL),
(95, 'Муханово', 0, 1, NULL, NULL),
(96, 'Мытищи', 0, 1, NULL, NULL),
(97, 'Нарофоминск', 0, 1, NULL, NULL),
(98, 'Нахабино', 0, 1, NULL, NULL),
(99, 'Некрасовка', 0, 1, NULL, NULL),
(100, 'Немчиновка', 0, 1, NULL, NULL),
(101, 'Новобратцевский', 0, 1, NULL, NULL),
(102, 'Новоподрезково', 0, 1, NULL, NULL),
(103, 'Ногинск', 0, 1, NULL, NULL),
(104, 'Обухово', 0, 1, NULL, NULL),
(105, 'Одинцово', 0, 1, NULL, NULL),
(106, 'Ожерелье', 0, 1, NULL, NULL),
(107, 'Озеры', 0, 1, NULL, NULL),
(108, 'Октябрьский (Московская обл.)', 0, 1, NULL, NULL),
(109, 'Опалиха', 0, 1, NULL, NULL),
(110, 'Орехово-Зуево', 0, 1, NULL, NULL),
(111, 'Павловский Посад', 0, 1, NULL, NULL),
(112, 'Первомайский (Московская обл.)', 0, 1, NULL, NULL),
(113, 'Пески (Московская обл.)', 0, 1, NULL, NULL),
(114, 'Пироговский', 0, 1, NULL, NULL),
(115, 'Подольск', 0, 1, NULL, NULL),
(116, 'Полушкино', 0, 1, NULL, NULL),
(117, 'Правдинский', 0, 1, NULL, NULL),
(118, 'Привокзальный', 0, 1, NULL, NULL),
(119, 'Пролетарский', 0, 1, NULL, NULL),
(120, 'Протвино (Московская обл.)', 0, 1, NULL, NULL),
(121, 'Пушкино', 0, 1, NULL, NULL),
(122, 'Пущино', 0, 1, NULL, NULL),
(123, 'Раменское', 0, 1, NULL, NULL),
(124, 'Реутов', 0, 1, NULL, NULL),
(125, 'Решетниково', 0, 1, NULL, NULL),
(126, 'Родники (Московская обл.)', 0, 1, NULL, NULL),
(127, 'Рошаль', 0, 1, NULL, NULL),
(128, 'Рублево', 0, 1, NULL, NULL),
(129, 'Руза', 0, 1, NULL, NULL),
(130, 'Салтыковка', 0, 1, NULL, NULL),
(131, 'Северный', 0, 1, NULL, NULL),
(132, 'Сергиев Посад', 0, 1, NULL, NULL),
(133, 'Серебряные Пруды', 0, 1, NULL, NULL),
(134, 'Серпухов', 0, 1, NULL, NULL),
(135, 'Солнечногорск', 0, 1, NULL, NULL),
(136, 'Солнцево', 0, 1, NULL, NULL),
(137, 'Софрино', 0, 1, NULL, NULL),
(138, 'Старая Купавна', 0, 1, NULL, NULL),
(139, 'Старбеево', 0, 1, NULL, NULL),
(140, 'Ступино', 0, 1, NULL, NULL),
(141, 'Сходня', 0, 1, NULL, NULL),
(142, 'Талдом', 0, 1, NULL, NULL),
(143, 'Текстильщик', 0, 1, NULL, NULL),
(144, 'Темпы', 0, 1, NULL, NULL),
(145, 'Томилино', 0, 1, NULL, NULL),
(146, 'Троицк', 0, 1, NULL, NULL),
(147, 'Туголесский Бор', 0, 1, NULL, NULL),
(148, 'Тучково', 0, 1, NULL, NULL),
(149, 'Уваровка', 0, 1, NULL, NULL),
(150, 'Удельная', 0, 1, NULL, NULL),
(151, 'Успенское', 0, 1, NULL, NULL),
(152, 'Фирсановка', 0, 1, NULL, NULL),
(153, 'Фрязино', 0, 1, NULL, NULL),
(154, 'Фряново', 0, 1, NULL, NULL),
(155, 'Химки', 0, 1, NULL, NULL),
(156, 'Хотьково', 0, 1, NULL, NULL),
(157, 'Черкизово', 0, 1, NULL, NULL),
(158, 'Черноголовка', 0, 1, NULL, NULL),
(159, 'Черусти', 0, 1, NULL, NULL),
(160, 'Чехов', 0, 1, NULL, NULL),
(161, 'Шарапово', 0, 1, NULL, NULL),
(162, 'Шатура', 0, 1, NULL, NULL),
(163, 'Шатурторф', 0, 1, NULL, NULL),
(164, 'Шаховская', 0, 1, NULL, NULL),
(165, 'Шереметьевский', 0, 1, NULL, NULL),
(166, 'Щелково', 0, 1, NULL, NULL),
(167, 'Щербинка', 0, 1, NULL, NULL),
(168, 'Электрогорск', 0, 1, NULL, NULL),
(169, 'Электросталь', 0, 1, NULL, NULL),
(170, 'Электроугли', 0, 1, NULL, NULL),
(171, 'Юбилейный (Московская обл.)', 0, 1, NULL, NULL),
(172, 'Яхрома', 0, 1, NULL, NULL),
(173, 'Санкт-Петербург', 0, 1, NULL, NULL),
(174, 'Александровская', 0, 1, NULL, NULL),
(175, 'Бокситогорск', 0, 1, NULL, NULL),
(176, 'Большая Ижора', 0, 1, NULL, NULL),
(177, 'Будогощь', 0, 1, NULL, NULL),
(178, 'Вознесенье', 0, 1, NULL, NULL),
(179, 'Волосово', 0, 1, NULL, NULL),
(180, 'Волхов', 0, 1, NULL, NULL),
(181, 'Всеволожск', 0, 1, NULL, NULL),
(182, 'Выборг', 0, 1, NULL, NULL),
(183, 'Вырица', 0, 1, NULL, NULL),
(184, 'Высоцк', 0, 1, NULL, NULL),
(185, 'Гатчина', 0, 1, NULL, NULL),
(186, 'Дружная Горка', 0, 1, NULL, NULL),
(187, 'Дубровка', 0, 1, NULL, NULL),
(188, 'Ефимовский', 0, 1, NULL, NULL),
(189, 'Зеленогорск (Ленинградская обл.)', 0, 1, NULL, NULL),
(190, 'Ивангород', 0, 1, NULL, NULL),
(191, 'Каменногорск', 0, 1, NULL, NULL),
(192, 'Кикерино', 0, 1, NULL, NULL),
(193, 'Кингисепп', 0, 1, NULL, NULL),
(194, 'Кириши', 0, 1, NULL, NULL),
(196, 'Кобринское', 0, 1, NULL, NULL),
(197, 'Колпино', 0, 1, NULL, NULL),
(198, 'Коммунар', 0, 1, NULL, NULL),
(200, 'Кронштадт', 0, 1, NULL, NULL),
(201, 'Лисий Нос', 0, 1, NULL, NULL),
(202, 'Лодейное Поле', 0, 1, NULL, NULL),
(203, 'Ломоносов', 0, 1, NULL, NULL),
(204, 'Луга', 0, 1, NULL, NULL),
(205, 'Павловск (Ленинградская обл.)', 0, 1, NULL, NULL),
(206, 'Парголово', 0, 1, NULL, NULL),
(207, 'Петродворец', 0, 1, NULL, NULL),
(208, 'Пикалёво', 0, 1, NULL, NULL),
(209, 'Подпорожье', 0, 1, NULL, NULL),
(210, 'Приозерск', 0, 1, NULL, NULL),
(211, 'Пушкин', 0, 1, NULL, NULL),
(212, 'Светогорск', 0, 1, NULL, NULL),
(213, 'Сертолово', 0, 1, NULL, NULL),
(214, 'Сестрорецк', 0, 1, NULL, NULL),
(215, 'Сланцы', 0, 1, NULL, NULL),
(216, 'Сосновый Бор', 0, 1, NULL, NULL),
(217, 'Тихвин', 0, 1, NULL, NULL),
(218, 'Тосно', 0, 1, NULL, NULL),
(219, 'Шлиссельбург', 0, 1, NULL, NULL),
(220, 'Адыгейск', 0, 1, NULL, NULL),
(221, 'Майкоп (Адыгея)', 0, 1, NULL, NULL),
(222, 'Акташ', 0, 1, NULL, NULL),
(223, 'Акутиха', 0, 1, NULL, NULL),
(224, 'Алейск', 0, 1, NULL, NULL),
(225, 'Алтайский', 0, 1, NULL, NULL),
(226, 'Баево', 0, 1, NULL, NULL),
(227, 'Барнаул', 0, 1, NULL, NULL),
(228, 'Белово (Алтайский край)', 0, 1, NULL, NULL),
(229, 'Белокуриха', 0, 1, NULL, NULL),
(230, 'Белоярск', 0, 1, NULL, NULL),
(231, 'Бийск', 0, 1, NULL, NULL),
(232, 'Благовещенск', 0, 1, NULL, NULL),
(233, 'Боровлянка', 0, 1, NULL, NULL),
(234, 'Бурла', 0, 1, NULL, NULL),
(235, 'Бурсоль', 0, 1, NULL, NULL),
(236, 'Быстрый Исток', 0, 1, NULL, NULL),
(237, 'Волчиха', 0, 1, NULL, NULL),
(238, 'Горно-Алтайск', 0, 1, NULL, NULL),
(239, 'Горняк', 0, 1, NULL, NULL),
(240, 'Ельцовка', 0, 1, NULL, NULL),
(241, 'Залесово', 0, 1, NULL, NULL),
(242, 'Заринск', 0, 1, NULL, NULL),
(243, 'Заток', 0, 1, NULL, NULL),
(244, 'Змеиногорск', 0, 1, NULL, NULL),
(245, 'Камень-на-Оби', 0, 1, NULL, NULL),
(246, 'Ключи (Алтайский край)', 0, 1, NULL, NULL),
(247, 'Кош-Агач', 0, 1, NULL, NULL),
(248, 'Красногорское (Алтайский край)', 0, 1, NULL, NULL),
(249, 'Краснощеково', 0, 1, NULL, NULL),
(250, 'Кулунда', 0, 1, NULL, NULL),
(251, 'Кытманово', 0, 1, NULL, NULL),
(252, 'Мамонтово', 0, 1, NULL, NULL),
(253, 'Новичиха', 0, 1, NULL, NULL),
(254, 'Новоалтайск', 0, 1, NULL, NULL),
(255, 'Онгудай', 0, 1, NULL, NULL),
(256, 'Павловск (Алтайский край)', 0, 1, NULL, NULL),
(257, 'Петропавловское', 0, 1, NULL, NULL),
(258, 'Поспелиха', 0, 1, NULL, NULL),
(259, 'Ребриха', 0, 1, NULL, NULL),
(260, 'Родино', 0, 1, NULL, NULL),
(261, 'Рубцовск', 0, 1, NULL, NULL),
(262, 'Славгород', 0, 1, NULL, NULL),
(263, 'Смоленское', 0, 1, NULL, NULL),
(264, 'Солонешное', 0, 1, NULL, NULL),
(265, 'Солтон', 0, 1, NULL, NULL),
(266, 'Староаллейское', 0, 1, NULL, NULL),
(267, 'Табуны', 0, 1, NULL, NULL),
(268, 'Тальменка', 0, 1, NULL, NULL),
(269, 'Тогул', 0, 1, NULL, NULL),
(270, 'Топчиха', 0, 1, NULL, NULL),
(271, 'Троицкое (Алтайский край)', 0, 1, NULL, NULL),
(272, 'Турочак', 0, 1, NULL, NULL),
(273, 'Тюменцево', 0, 1, NULL, NULL),
(274, 'Угловское', 0, 1, NULL, NULL),
(275, 'Усть-Калманка', 0, 1, NULL, NULL),
(276, 'Усть-Кан', 0, 1, NULL, NULL),
(277, 'Усть-Кокса', 0, 1, NULL, NULL),
(278, 'Усть-Улаган', 0, 1, NULL, NULL),
(279, 'Усть-Чарышская Пристань', 0, 1, NULL, NULL),
(280, 'Хабары', 0, 1, NULL, NULL),
(281, 'Целинное', 0, 1, NULL, NULL),
(282, 'Чарышское', 0, 1, NULL, NULL),
(283, 'Шебалино', 0, 1, NULL, NULL),
(284, 'Шелаболиха', 0, 1, NULL, NULL),
(285, 'Шипуново', 0, 1, NULL, NULL),
(286, 'Айгунь', 0, 1, NULL, NULL),
(287, 'Архара', 0, 1, NULL, NULL),
(288, 'Белогорск', 0, 1, NULL, NULL),
(289, 'Благовещенск (Амурская обл.)', 0, 1, NULL, NULL),
(290, 'Бурея', 0, 1, NULL, NULL),
(291, 'Возжаевка', 0, 1, NULL, NULL),
(292, 'Екатеринославка', 0, 1, NULL, NULL),
(293, 'Ерофей Павлович', 0, 1, NULL, NULL),
(294, 'Завитинск', 0, 1, NULL, NULL),
(295, 'Зея', 0, 1, NULL, NULL),
(296, 'Златоустовск', 0, 1, NULL, NULL),
(297, 'Ивановка', 0, 1, NULL, NULL),
(298, 'Коболдо', 0, 1, NULL, NULL),
(299, 'Магдагачи', 0, 1, NULL, NULL),
(300, 'Новобурейский', 0, 1, NULL, NULL),
(301, 'Поярково', 0, 1, NULL, NULL),
(302, 'Райчихинск', 0, 1, NULL, NULL),
(303, 'Ромны', 0, 1, NULL, NULL),
(304, 'Свободный', 0, 1, NULL, NULL),
(305, 'Серышево', 0, 1, NULL, NULL),
(306, 'Сковородино', 0, 1, NULL, NULL),
(307, 'Стойба', 0, 1, NULL, NULL),
(308, 'Тамбовка', 0, 1, NULL, NULL),
(309, 'Тында', 0, 1, NULL, NULL),
(310, 'Февральск', 0, 1, NULL, NULL),
(311, 'Шимановск', 0, 1, NULL, NULL),
(312, 'Экимчан', 0, 1, NULL, NULL),
(313, 'Ядрино', 0, 1, NULL, NULL),
(314, 'Амдерма', 0, 1, NULL, NULL),
(315, 'Архангельск', 0, 1, NULL, NULL),
(316, 'Березник', 0, 1, NULL, NULL),
(317, 'Вельск', 0, 1, NULL, NULL),
(318, 'Верхняя Тойма', 0, 1, NULL, NULL),
(319, 'Волошка', 0, 1, NULL, NULL),
(320, 'Вычегодский', 0, 1, NULL, NULL),
(321, 'Емца', 0, 1, NULL, NULL),
(322, 'Илеза', 0, 1, NULL, NULL),
(323, 'Ильинско-Подомское', 0, 1, NULL, NULL),
(324, 'Каргополь (Архангельская обл.)', 0, 1, NULL, NULL),
(325, 'Карпогоры', 0, 1, NULL, NULL),
(326, 'Кодино', 0, 1, NULL, NULL),
(327, 'Коноша', 0, 1, NULL, NULL),
(328, 'Коряжма', 0, 1, NULL, NULL),
(329, 'Котлас', 0, 1, NULL, NULL),
(330, 'Красноборск', 0, 1, NULL, NULL),
(331, 'Лешуконское', 0, 1, NULL, NULL),
(332, 'Мезень', 0, 1, NULL, NULL),
(333, 'Мирный (Архангельская обл.)', 0, 1, NULL, NULL),
(334, 'Нарьян-Мар', 0, 1, NULL, NULL),
(335, 'Новодвинск', 0, 1, NULL, NULL),
(336, 'Няндома', 0, 1, NULL, NULL),
(337, 'Онега', 0, 1, NULL, NULL),
(338, 'Пинега', 0, 1, NULL, NULL),
(339, 'Плесецк', 0, 1, NULL, NULL),
(340, 'Савинск', 0, 1, NULL, NULL),
(341, 'Северодвинск', 0, 1, NULL, NULL),
(342, 'Сольвычегодск', 0, 1, NULL, NULL),
(343, 'Холмогоры', 0, 1, NULL, NULL),
(344, 'Шенкурск', 0, 1, NULL, NULL),
(345, 'Яренск', 0, 1, NULL, NULL),
(346, 'Астрахань', 0, 1, NULL, NULL),
(347, 'Ахтубинск', 0, 1, NULL, NULL),
(348, 'Верхний Баскунчак', 0, 1, NULL, NULL),
(349, 'Володарский', 0, 1, NULL, NULL),
(350, 'Енотаевка', 0, 1, NULL, NULL),
(351, 'Икряное', 0, 1, NULL, NULL),
(352, 'Камызяк', 0, 1, NULL, NULL),
(353, 'Капустин Яр', 0, 1, NULL, NULL),
(354, 'Красный Яр (Астраханская обл.)', 0, 1, NULL, NULL),
(355, 'Лиман', 0, 1, NULL, NULL),
(356, 'Началово', 0, 1, NULL, NULL),
(357, 'Харабали', 0, 1, NULL, NULL),
(358, 'Черный Яр', 0, 1, NULL, NULL),
(359, 'Агидель', 0, 1, NULL, NULL),
(360, 'Аксаково', 0, 1, NULL, NULL),
(361, 'Амзя', 0, 1, NULL, NULL),
(362, 'Архангелькое', 0, 1, NULL, NULL),
(363, 'Аскарово', 0, 1, NULL, NULL),
(364, 'Аскино', 0, 1, NULL, NULL),
(365, 'Баймак', 0, 1, NULL, NULL),
(366, 'Бакалы', 0, 1, NULL, NULL),
(367, 'Белебей', 0, 1, NULL, NULL),
(368, 'Белорецк', 0, 1, NULL, NULL),
(369, 'Бижбуляк', 0, 1, NULL, NULL),
(370, 'Бирск', 0, 1, NULL, NULL),
(371, 'Благовещенск (Башкирия)', 0, 1, NULL, NULL),
(372, 'Большеустьикинское', 0, 1, NULL, NULL),
(373, 'Бураево', 0, 1, NULL, NULL),
(374, 'Верхнеяркеево', 0, 1, NULL, NULL),
(375, 'Верхние Киги', 0, 1, NULL, NULL),
(376, 'Верхние Татышлы', 0, 1, NULL, NULL),
(377, 'Верхний Авзян', 0, 1, NULL, NULL),
(378, 'Давлеканово', 0, 1, NULL, NULL),
(379, 'Дуван', 0, 1, NULL, NULL),
(380, 'Дюртюли', 0, 1, NULL, NULL),
(381, 'Ермекеево', 0, 1, NULL, NULL),
(382, 'Ермолаево', 0, 1, NULL, NULL),
(383, 'Зилаир', 0, 1, NULL, NULL),
(384, 'Зирган', 0, 1, NULL, NULL),
(385, 'Иглино', 0, 1, NULL, NULL),
(386, 'Инзер', 0, 1, NULL, NULL),
(387, 'Исянгулово', 0, 1, NULL, NULL),
(388, 'Ишимбай', 0, 1, NULL, NULL),
(389, 'Калтасы', 0, 1, NULL, NULL),
(390, 'Кананикольское', 0, 1, NULL, NULL),
(391, 'Кандры', 0, 1, NULL, NULL),
(392, 'Караидель', 0, 1, NULL, NULL),
(393, 'Караидельский', 0, 1, NULL, NULL),
(394, 'Киргиз-Мияки', 0, 1, NULL, NULL),
(395, 'Красноусольский', 0, 1, NULL, NULL),
(396, 'Кумертау', 0, 1, NULL, NULL),
(397, 'Кушнаренково', 0, 1, NULL, NULL),
(398, 'Малояз', 0, 1, NULL, NULL),
(399, 'Межгорье', 0, 1, NULL, NULL),
(400, 'Мелеуз', 0, 1, NULL, NULL),
(401, 'Месягутово', 0, 1, NULL, NULL),
(402, 'Мраково', 0, 1, NULL, NULL),
(403, 'Нефтекамск', 0, 1, NULL, NULL),
(404, 'Октябрьский (Башкирия)', 0, 1, NULL, NULL),
(405, 'Приютово', 0, 1, NULL, NULL),
(406, 'Раевский', 0, 1, NULL, NULL),
(407, 'Салават', 0, 1, NULL, NULL),
(408, 'Сибай', 0, 1, NULL, NULL),
(409, 'Старобалтачево', 0, 1, NULL, NULL),
(410, 'Старосубхангулово', 0, 1, NULL, NULL),
(411, 'Стерлибашево', 0, 1, NULL, NULL),
(412, 'Стерлитамак', 0, 1, NULL, NULL),
(413, 'Туймазы', 0, 1, NULL, NULL),
(414, 'Уфа', 0, 1, NULL, NULL),
(415, 'Учалы', 0, 1, NULL, NULL),
(416, 'Федоровка (Башкирия)', 0, 1, NULL, NULL),
(417, 'Чекмагуш', 0, 1, NULL, NULL),
(418, 'Чишмы', 0, 1, NULL, NULL),
(419, 'Шаран', 0, 1, NULL, NULL),
(420, 'Янаул', 0, 1, NULL, NULL),
(421, 'Алексеевка (Белгородская обл.)', 0, 1, NULL, NULL),
(422, 'Белгород', 0, 1, NULL, NULL),
(423, 'Борисовка', 0, 1, NULL, NULL),
(424, 'Валуйки', 0, 1, NULL, NULL),
(425, 'Вейделевка', 0, 1, NULL, NULL),
(426, 'Волоконовка', 0, 1, NULL, NULL),
(427, 'Грайворон', 0, 1, NULL, NULL),
(428, 'Губкин', 0, 1, NULL, NULL),
(429, 'Ивня', 0, 1, NULL, NULL),
(430, 'Короча', 0, 1, NULL, NULL),
(431, 'Красногвардейское (Белгород.)', 0, 1, NULL, NULL),
(432, 'Новый Оскол', 0, 1, NULL, NULL),
(433, 'Ракитное', 0, 1, NULL, NULL),
(434, 'Ровеньки', 0, 1, NULL, NULL),
(435, 'Старый Оскол', 0, 1, NULL, NULL),
(436, 'Строитель', 0, 1, NULL, NULL),
(437, 'Чернянка', 0, 1, NULL, NULL),
(438, 'Шебекино', 0, 1, NULL, NULL),
(439, 'Алтухово', 0, 1, NULL, NULL),
(440, 'Белая Березка', 0, 1, NULL, NULL),
(441, 'Белые Берега', 0, 1, NULL, NULL),
(442, 'Большое Полпино', 0, 1, NULL, NULL),
(443, 'Брянск', 0, 1, NULL, NULL),
(444, 'Бытошь', 0, 1, NULL, NULL),
(445, 'Выгоничи', 0, 1, NULL, NULL),
(446, 'Вышков', 0, 1, NULL, NULL),
(447, 'Гордеевка', 0, 1, NULL, NULL),
(448, 'Дубровка (Брянская обл.)', 0, 1, NULL, NULL),
(449, 'Дятьково', 0, 1, NULL, NULL),
(451, 'Жирятино', 0, 1, NULL, NULL),
(453, 'Злынка', 0, 1, NULL, NULL),
(454, 'Ивот', 0, 1, NULL, NULL),
(455, 'Карачев', 0, 1, NULL, NULL),
(456, 'Клетня', 0, 1, NULL, NULL),
(457, 'Климово', 0, 1, NULL, NULL),
(458, 'Клинцы', 0, 1, NULL, NULL),
(459, 'Кокаревка', 0, 1, NULL, NULL),
(460, 'Комаричи', 0, 1, NULL, NULL),
(461, 'Красная Гора', 0, 1, NULL, NULL),
(462, 'Локоть (Брянская обл.)', 0, 1, NULL, NULL),
(463, 'Мглин', 0, 1, NULL, NULL),
(464, 'Навля', 0, 1, NULL, NULL),
(465, 'Новозыбков', 0, 1, NULL, NULL),
(466, 'Погар', 0, 1, NULL, NULL),
(467, 'Почеп', 0, 1, NULL, NULL),
(468, 'Ржаница', 0, 1, NULL, NULL),
(469, 'Рогнедино', 0, 1, NULL, NULL),
(470, 'Севск', 0, 1, NULL, NULL),
(471, 'Стародуб', 0, 1, NULL, NULL),
(472, 'Суземка', 0, 1, NULL, NULL),
(473, 'Сураж', 0, 1, NULL, NULL),
(474, 'Трубчевск', 0, 1, NULL, NULL),
(475, 'Унеча', 0, 1, NULL, NULL),
(476, 'Бабушкин', 0, 1, NULL, NULL),
(477, 'Багдарин', 0, 1, NULL, NULL),
(478, 'Баргузин', 0, 1, NULL, NULL),
(479, 'Баянгол', 0, 1, NULL, NULL),
(480, 'Бичура', 0, 1, NULL, NULL),
(481, 'Выдрино', 0, 1, NULL, NULL),
(482, 'Гусиное Озеро', 0, 1, NULL, NULL),
(483, 'Гусиноозерск', 0, 1, NULL, NULL),
(484, 'Заиграево', 0, 1, NULL, NULL),
(485, 'Закаменск', 0, 1, NULL, NULL),
(486, 'Иволгинск', 0, 1, NULL, NULL),
(487, 'Илька', 0, 1, NULL, NULL),
(488, 'Кабанск', 0, 1, NULL, NULL),
(489, 'Каменск', 0, 1, NULL, NULL),
(490, 'Кижинга', 0, 1, NULL, NULL),
(491, 'Курумкан', 0, 1, NULL, NULL),
(492, 'Кырен', 0, 1, NULL, NULL),
(493, 'Кяхта', 0, 1, NULL, NULL),
(494, 'Монды', 0, 1, NULL, NULL),
(495, 'Мухоршибирь', 0, 1, NULL, NULL),
(496, 'Нижнеангарск', 0, 1, NULL, NULL),
(497, 'Орлик', 0, 1, NULL, NULL),
(498, 'Петропавловка (Бурятия)', 0, 1, NULL, NULL),
(499, 'Романовка (Бурятия)', 0, 1, NULL, NULL),
(500, 'Северобайкальск (Бурятия)', 0, 1, NULL, NULL),
(501, 'Селенгинск', 0, 1, NULL, NULL),
(502, 'Сосново-Озерское', 0, 1, NULL, NULL),
(503, 'Таксимо (Бурятия)', 0, 1, NULL, NULL),
(504, 'Турунтаево', 0, 1, NULL, NULL),
(505, 'Улан-Удэ', 0, 1, NULL, NULL),
(506, 'Хоринск', 0, 1, NULL, NULL),
(507, 'Александров', 0, 1, NULL, NULL),
(508, 'Андреево', 0, 1, NULL, NULL),
(509, 'Анопино', 0, 1, NULL, NULL),
(510, 'Бавлены', 0, 1, NULL, NULL),
(511, 'Балакирево', 0, 1, NULL, NULL),
(512, 'Боголюбово', 0, 1, NULL, NULL),
(513, 'Великодворский', 0, 1, NULL, NULL),
(514, 'Вербовский', 0, 1, NULL, NULL),
(515, 'Владимир', 0, 1, NULL, NULL),
(516, 'Вязники', 0, 1, NULL, NULL),
(517, 'Городищи (Владимирская обл.)', 0, 1, NULL, NULL),
(518, 'Гороховец', 0, 1, NULL, NULL),
(519, 'Гусевский', 0, 1, NULL, NULL),
(520, 'Гусь Хрустальный', 0, 1, NULL, NULL),
(521, 'Гусь-Хрустальный', 0, 1, NULL, NULL),
(522, 'Золотково', 0, 1, NULL, NULL),
(523, 'Иванищи', 0, 1, NULL, NULL),
(524, 'Камешково', 0, 1, NULL, NULL),
(525, 'Карабаново', 0, 1, NULL, NULL),
(526, 'Киржач', 0, 1, NULL, NULL),
(527, 'Ковров', 0, 1, NULL, NULL),
(528, 'Кольчугино', 0, 1, NULL, NULL),
(529, 'Красная Горбатка', 0, 1, NULL, NULL),
(530, 'Лакинск', 0, 1, NULL, NULL),
(531, 'Меленки', 0, 1, NULL, NULL),
(532, 'Муром', 0, 1, NULL, NULL),
(533, 'Петушки', 0, 1, NULL, NULL),
(534, 'Покров', 0, 1, NULL, NULL),
(535, 'Радужный (Владимирская обл.)', 0, 1, NULL, NULL),
(536, 'Собинка', 0, 1, NULL, NULL),
(537, 'Судогда', 0, 1, NULL, NULL),
(538, 'Суздаль', 0, 1, NULL, NULL),
(539, 'Юрьев-Польский', 0, 1, NULL, NULL),
(540, 'Алексеевская', 0, 1, NULL, NULL),
(541, 'Алущевск', 0, 1, NULL, NULL),
(542, 'Быково (Волгоградская обл.)', 0, 1, NULL, NULL),
(543, 'Волгоград', 0, 1, NULL, NULL),
(544, 'Волжский (Волгоградская обл.)', 0, 1, NULL, NULL),
(545, 'Городище (Волгоградская обл.)', 0, 1, NULL, NULL),
(546, 'Дубовка (Волгоградская обл.)', 0, 1, NULL, NULL),
(547, 'Елань', 0, 1, NULL, NULL),
(548, 'Жирновск', 0, 1, NULL, NULL),
(549, 'Иловля', 0, 1, NULL, NULL),
(550, 'Калач-на-Дону', 0, 1, NULL, NULL),
(551, 'Камышин', 0, 1, NULL, NULL),
(552, 'Кириллов', 0, 1, NULL, NULL),
(553, 'Клетский', 0, 1, NULL, NULL),
(554, 'Котельниково', 0, 1, NULL, NULL),
(555, 'Котово', 0, 1, NULL, NULL),
(556, 'Кумылженская', 0, 1, NULL, NULL),
(557, 'Ленинск', 0, 1, NULL, NULL),
(558, 'Михайловка', 0, 1, NULL, NULL),
(559, 'Нехаевский', 0, 1, NULL, NULL),
(560, 'Николаевск', 0, 1, NULL, NULL),
(561, 'Новоаннинский', 0, 1, NULL, NULL),
(562, 'Новониколаевский', 0, 1, NULL, NULL),
(563, 'Ольховка', 0, 1, NULL, NULL),
(564, 'Палласовка (Волгоградская обл.)', 0, 1, NULL, NULL),
(565, 'Рудня (Волгоградская обл.)', 0, 1, NULL, NULL),
(566, 'Светлый Яр', 0, 1, NULL, NULL),
(567, 'Серафимович', 0, 1, NULL, NULL),
(568, 'Средняя Ахтуба', 0, 1, NULL, NULL),
(569, 'Сталинград', 0, 1, NULL, NULL),
(570, 'Старая Полтавка', 0, 1, NULL, NULL),
(571, 'Суровикино', 0, 1, NULL, NULL),
(572, 'Урюпинск', 0, 1, NULL, NULL),
(573, 'Фролово', 0, 1, NULL, NULL),
(574, 'Чернышковский', 0, 1, NULL, NULL),
(575, 'Бабаево', 0, 1, NULL, NULL),
(576, 'Белозерск', 0, 1, NULL, NULL),
(577, 'Великий Устюг', 0, 1, NULL, NULL),
(578, 'Верховажье', 0, 1, NULL, NULL),
(579, 'Вожега', 0, 1, NULL, NULL),
(580, 'Вологда', 0, 1, NULL, NULL),
(581, 'Вохтога', 0, 1, NULL, NULL),
(582, 'Вытегра', 0, 1, NULL, NULL),
(583, 'Грязовец', 0, 1, NULL, NULL),
(584, 'Кадников', 0, 1, NULL, NULL),
(585, 'Кадуй', 0, 1, NULL, NULL),
(587, 'Кичменгский Городок', 0, 1, NULL, NULL),
(588, 'Липин Бор', 0, 1, NULL, NULL),
(589, 'Никольск', 0, 1, NULL, NULL),
(590, 'Нюксеница', 0, 1, NULL, NULL),
(591, 'Сокол', 0, 1, NULL, NULL),
(592, 'Сямжа', 0, 1, NULL, NULL),
(593, 'Тарногский Городок', 0, 1, NULL, NULL),
(594, 'Тотьма', 0, 1, NULL, NULL),
(595, 'Устюжна', 0, 1, NULL, NULL),
(596, 'Харовск', 0, 1, NULL, NULL),
(597, 'Чагода', 0, 1, NULL, NULL),
(598, 'Череповец', 0, 1, NULL, NULL),
(599, 'Шексна', 0, 1, NULL, NULL),
(600, 'Шуйское', 0, 1, NULL, NULL),
(601, 'Анна', 0, 1, NULL, NULL),
(602, 'Бобров', 0, 1, NULL, NULL),
(603, 'Богучар', 0, 1, NULL, NULL),
(604, 'Борисоглебск', 0, 1, NULL, NULL),
(605, 'Бутурлиновка', 0, 1, NULL, NULL),
(606, 'Верхний Мамон', 0, 1, NULL, NULL),
(607, 'Верхняя Хава', 0, 1, NULL, NULL),
(608, 'Воробьевка', 0, 1, NULL, NULL),
(609, 'Воронеж', 0, 1, NULL, NULL),
(610, 'Грибановский', 0, 1, NULL, NULL),
(611, 'Давыдовка', 0, 1, NULL, NULL),
(612, 'Елань-Коленовский', 0, 1, NULL, NULL),
(613, 'Калач', 0, 1, NULL, NULL),
(614, 'Кантемировка', 0, 1, NULL, NULL),
(615, 'Лиски (Воронежская обл.)', 0, 1, NULL, NULL),
(616, 'Нижнедевицк', 0, 1, NULL, NULL),
(617, 'Новая Усмань', 0, 1, NULL, NULL),
(618, 'Нововоронеж', 0, 1, NULL, NULL),
(619, 'Новохоперск', 0, 1, NULL, NULL),
(620, 'Ольховатка', 0, 1, NULL, NULL),
(621, 'Острогожск', 0, 1, NULL, NULL),
(622, 'Павловск (Воронежская обл.)', 0, 1, NULL, NULL),
(623, 'Панино', 0, 1, NULL, NULL),
(624, 'Петропавловка', 0, 1, NULL, NULL),
(625, 'Поворино', 0, 1, NULL, NULL),
(626, 'Подгоренский', 0, 1, NULL, NULL),
(627, 'Рамонь', 0, 1, NULL, NULL),
(628, 'Репьевка', 0, 1, NULL, NULL),
(629, 'Россошь', 0, 1, NULL, NULL),
(630, 'Семилуки', 0, 1, NULL, NULL),
(631, 'Таловая', 0, 1, NULL, NULL),
(632, 'Терновка', 0, 1, NULL, NULL),
(633, 'Хохольский', 0, 1, NULL, NULL),
(634, 'Эртиль', 0, 1, NULL, NULL),
(635, 'Агвали', 0, 1, NULL, NULL),
(636, 'Акуша', 0, 1, NULL, NULL),
(637, 'Ахты', 0, 1, NULL, NULL),
(638, 'Ачису', 0, 1, NULL, NULL),
(639, 'Бабаюрт', 0, 1, NULL, NULL),
(640, 'Бежта', 0, 1, NULL, NULL),
(641, 'Ботлих', 0, 1, NULL, NULL),
(642, 'Буйнакск', 0, 1, NULL, NULL),
(643, 'Вачи', 0, 1, NULL, NULL),
(644, 'Гергебиль', 0, 1, NULL, NULL),
(645, 'Гуниб', 0, 1, NULL, NULL),
(646, 'Дагестанские Огни', 0, 1, NULL, NULL),
(647, 'Дербент', 0, 1, NULL, NULL),
(648, 'Дылым', 0, 1, NULL, NULL),
(649, 'Ершовка', 0, 1, NULL, NULL),
(650, 'Избербаш', 0, 1, NULL, NULL),
(651, 'Карабудахкент', 0, 1, NULL, NULL),
(652, 'Карата', 0, 1, NULL, NULL),
(653, 'Каспийск', 0, 1, NULL, NULL),
(654, 'Касумкент', 0, 1, NULL, NULL),
(655, 'Кизилюрт', 0, 1, NULL, NULL),
(656, 'Кизляр', 0, 1, NULL, NULL),
(657, 'Кочубей', 0, 1, NULL, NULL),
(658, 'Кумух', 0, 1, NULL, NULL),
(659, 'Курах', 0, 1, NULL, NULL),
(660, 'Магарамкент', 0, 1, NULL, NULL),
(661, 'Маджалис', 0, 1, NULL, NULL),
(662, 'Махачкала', 0, 1, NULL, NULL),
(663, 'Мехельта', 0, 1, NULL, NULL),
(664, 'Новолакское', 0, 1, NULL, NULL),
(665, 'Рутул', 0, 1, NULL, NULL),
(666, 'Советское (Дагестан)', 0, 1, NULL, NULL),
(667, 'Тарумовка', 0, 1, NULL, NULL),
(668, 'Терекли-Мектеб', 0, 1, NULL, NULL),
(669, 'Тлярата', 0, 1, NULL, NULL),
(670, 'Тпиг', 0, 1, NULL, NULL),
(671, 'Унцукуль', 0, 1, NULL, NULL),
(672, 'Уркарах', 0, 1, NULL, NULL),
(673, 'Хасавюрт', 0, 1, NULL, NULL),
(674, 'Хив', 0, 1, NULL, NULL),
(675, 'Хунзах', 0, 1, NULL, NULL),
(676, 'Цуриб', 0, 1, NULL, NULL),
(677, 'Южно-Сухокумск', 0, 1, NULL, NULL),
(678, 'Биробиджан', 0, 1, NULL, NULL),
(679, 'Архиповка', 0, 1, NULL, NULL),
(680, 'Верхний Ландех', 0, 1, NULL, NULL),
(681, 'Вичуга', 0, 1, NULL, NULL),
(682, 'Гаврилов Посад', 0, 1, NULL, NULL),
(683, 'Долматовский', 0, 1, NULL, NULL),
(684, 'Дуляпино', 0, 1, NULL, NULL),
(685, 'Заволжск', 0, 1, NULL, NULL),
(686, 'Заречный (Ивановская обл.)', 0, 1, NULL, NULL),
(687, 'Иваново', 0, 1, NULL, NULL),
(688, 'Иваньковский', 0, 1, NULL, NULL),
(689, 'Ильинское-Хованское', 0, 1, NULL, NULL),
(690, 'Каминский', 0, 1, NULL, NULL),
(691, 'Кинешма', 0, 1, NULL, NULL),
(692, 'Комсомольск', 0, 1, NULL, NULL),
(693, 'Кохма', 0, 1, NULL, NULL),
(694, 'Лух', 0, 1, NULL, NULL),
(695, 'Палех', 0, 1, NULL, NULL),
(696, 'Пестяки', 0, 1, NULL, NULL),
(697, 'Приволжск', 0, 1, NULL, NULL),
(698, 'Пучеж', 0, 1, NULL, NULL),
(699, 'Родники (Ивановская обл.)', 0, 1, NULL, NULL),
(700, 'Савино', 0, 1, NULL, NULL),
(701, 'Сокольское', 0, 1, NULL, NULL),
(702, 'Тейково', 0, 1, NULL, NULL),
(703, 'Фурманов', 0, 1, NULL, NULL),
(704, 'Шуя', 0, 1, NULL, NULL),
(705, 'Южа', 0, 1, NULL, NULL),
(706, 'Юрьевец', 0, 1, NULL, NULL),
(707, 'Алексеевск', 0, 1, NULL, NULL),
(708, 'Алзамай', 0, 1, NULL, NULL),
(709, 'Алыгжер', 0, 1, NULL, NULL),
(710, 'Ангарск', 0, 1, NULL, NULL),
(711, 'Артемовский (Иркутская обл.)', 0, 1, NULL, NULL),
(712, 'Байкал', 0, 1, NULL, NULL),
(713, 'Байкальск', 0, 1, NULL, NULL),
(714, 'Балаганск', 0, 1, NULL, NULL),
(715, 'Баяндай', 0, 1, NULL, NULL),
(716, 'Бирюсинск', 0, 1, NULL, NULL),
(717, 'Бодайбо', 0, 1, NULL, NULL),
(718, 'Большая Речка', 0, 1, NULL, NULL),
(719, 'Большой Луг', 0, 1, NULL, NULL),
(720, 'Бохан', 0, 1, NULL, NULL),
(721, 'Братск', 0, 1, NULL, NULL),
(722, 'Видим', 0, 1, NULL, NULL),
(723, 'Витимский', 0, 1, NULL, NULL),
(724, 'Вихоревка', 0, 1, NULL, NULL),
(725, 'Еланцы', 0, 1, NULL, NULL),
(726, 'Ербогачен', 0, 1, NULL, NULL),
(727, 'Железногорск-Илимский', 0, 1, NULL, NULL),
(728, 'Жигалово', 0, 1, NULL, NULL),
(729, 'Забитуй', 0, 1, NULL, NULL),
(730, 'Залари', 0, 1, NULL, NULL),
(731, 'Звездный', 0, 1, NULL, NULL),
(732, 'Зима', 0, 1, NULL, NULL),
(733, 'Иркутск', 0, 1, NULL, NULL),
(734, 'Казачинское (Иркутская обл.)', 0, 1, NULL, NULL),
(735, 'Качуг', 0, 1, NULL, NULL),
(736, 'Квиток', 0, 1, NULL, NULL),
(737, 'Киренск', 0, 1, NULL, NULL),
(738, 'Куйтун', 0, 1, NULL, NULL),
(739, 'Култук', 0, 1, NULL, NULL),
(740, 'Кутулик', 0, 1, NULL, NULL),
(741, 'Мама', 0, 1, NULL, NULL),
(742, 'Нижнеудинск', 0, 1, NULL, NULL),
(744, 'Саянск', 0, 1, NULL, NULL),
(745, 'Слюдянка', 0, 1, NULL, NULL),
(746, 'Тайшет', 0, 1, NULL, NULL),
(747, 'Тулун', 0, 1, NULL, NULL),
(748, 'Усолье-Сибирское (Иркутская обл.)', 0, 1, NULL, NULL),
(749, 'Усть-Илимск', 0, 1, NULL, NULL),
(750, 'Усть-Кут', 0, 1, NULL, NULL),
(751, 'Усть-Ордынский', 0, 1, NULL, NULL),
(752, 'Усть-Уда', 0, 1, NULL, NULL),
(753, 'Черемхово', 0, 1, NULL, NULL),
(754, 'Чунский', 0, 1, NULL, NULL),
(755, 'Шелехов', 0, 1, NULL, NULL),
(756, 'Баксан', 0, 1, NULL, NULL),
(757, 'Майский', 0, 1, NULL, NULL),
(758, 'Нальчик', 0, 1, NULL, NULL),
(759, 'Нарткала', 0, 1, NULL, NULL),
(760, 'Прохладный', 0, 1, NULL, NULL),
(761, 'Советское (Кабардино-Балкария)', 0, 1, NULL, NULL),
(762, 'Терек', 0, 1, NULL, NULL),
(763, 'Тырныауз', 0, 1, NULL, NULL),
(764, 'Чегем-Первый', 0, 1, NULL, NULL),
(765, 'Багратионовск', 0, 1, NULL, NULL),
(766, 'Балтийск', 0, 1, NULL, NULL),
(767, 'Гвардейск', 0, 1, NULL, NULL),
(768, 'Гурьевск (Калининградская обл.)', 0, 1, NULL, NULL),
(769, 'Гусев', 0, 1, NULL, NULL),
(770, 'Железнодорожный (Калининград.)', 0, 1, NULL, NULL),
(771, 'Зеленоградск', 0, 1, NULL, NULL),
(772, 'Знаменск', 0, 1, NULL, NULL),
(773, 'Калининград (Кенигсберг)', 0, 1, NULL, NULL),
(774, 'Краснознаменск (Калининград.)', 0, 1, NULL, NULL),
(775, 'Ладушкин', 0, 1, NULL, NULL),
(776, 'Мамоново', 0, 1, NULL, NULL),
(777, 'Неман', 0, 1, NULL, NULL),
(778, 'Нестеров', 0, 1, NULL, NULL),
(779, 'Озерск(Калининградская обл.)', 0, 1, NULL, NULL),
(780, 'Пионерск', 0, 1, NULL, NULL),
(781, 'Полесск', 0, 1, NULL, NULL),
(782, 'Правдинск', 0, 1, NULL, NULL),
(783, 'Светлогорск', 0, 1, NULL, NULL),
(784, 'Светлый (Калининградская обл.)', 0, 1, NULL, NULL),
(785, 'Славск', 0, 1, NULL, NULL),
(786, 'Советск (Калининградская обл.)', 0, 1, NULL, NULL),
(787, 'Черняховск', 0, 1, NULL, NULL),
(788, 'Аршань', 0, 1, NULL, NULL),
(789, 'Городовиковск', 0, 1, NULL, NULL),
(790, 'Каспийский', 0, 1, NULL, NULL),
(791, 'Комсомольский (Калмыкия)', 0, 1, NULL, NULL),
(792, 'Малые Дербеты', 0, 1, NULL, NULL),
(793, 'Приютное', 0, 1, NULL, NULL),
(794, 'Советское (Калмыкия)', 0, 1, NULL, NULL),
(795, 'Троицкое (Калмыкия)', 0, 1, NULL, NULL),
(796, 'Утта', 0, 1, NULL, NULL),
(797, 'Цаган-Аман', 0, 1, NULL, NULL),
(798, 'Элиста', 0, 1, NULL, NULL),
(799, 'Юста', 0, 1, NULL, NULL),
(800, 'Яшалта', 0, 1, NULL, NULL),
(801, 'Яшкуль', 0, 1, NULL, NULL),
(802, 'Бабынино', 0, 1, NULL, NULL),
(803, 'Балабаново', 0, 1, NULL, NULL),
(804, 'Барятино', 0, 1, NULL, NULL),
(805, 'Белоусово', 0, 1, NULL, NULL),
(806, 'Бетлица', 0, 1, NULL, NULL),
(807, 'Боровск', 0, 1, NULL, NULL),
(808, 'Дудоровский', 0, 1, NULL, NULL),
(809, 'Думиничи', 0, 1, NULL, NULL),
(810, 'Еленский', 0, 1, NULL, NULL),
(811, 'Жиздра', 0, 1, NULL, NULL),
(812, 'Жуков', 0, 1, NULL, NULL),
(813, 'Износки', 0, 1, NULL, NULL),
(814, 'Калуга', 0, 1, NULL, NULL),
(815, 'Киров (Калужская обл.)', 0, 1, NULL, NULL),
(816, 'Козельск', 0, 1, NULL, NULL),
(817, 'Кондрово', 0, 1, NULL, NULL),
(818, 'Кремёнки', 0, 1, NULL, NULL),
(819, 'Людиново', 0, 1, NULL, NULL),
(820, 'Малоярославец', 0, 1, NULL, NULL),
(821, 'Медынь', 0, 1, NULL, NULL),
(822, 'Мещовск', 0, 1, NULL, NULL),
(823, 'Мосальск', 0, 1, NULL, NULL),
(824, 'Обнинск', 0, 1, NULL, NULL),
(825, 'Перемышль', 0, 1, NULL, NULL),
(826, 'Спас-Деменск', 0, 1, NULL, NULL),
(827, 'Сухиничи', 0, 1, NULL, NULL),
(828, 'Таруса', 0, 1, NULL, NULL),
(829, 'Ульяново', 0, 1, NULL, NULL),
(830, 'Ферзиково', 0, 1, NULL, NULL),
(831, 'Хвастовичи', 0, 1, NULL, NULL),
(832, 'Юхнов', 0, 1, NULL, NULL),
(833, 'Атласово', 0, 1, NULL, NULL),
(834, 'Аянка', 0, 1, NULL, NULL),
(835, 'Большерецк', 0, 1, NULL, NULL),
(836, 'Вилючинск', 0, 1, NULL, NULL),
(837, 'Елизово (Камчатская обл.)', 0, 1, NULL, NULL),
(838, 'Ильпырский', 0, 1, NULL, NULL),
(839, 'Каменское', 0, 1, NULL, NULL),
(840, 'Кировский', 0, 1, NULL, NULL),
(841, 'Ключи (Камчатская обл.)', 0, 1, NULL, NULL),
(842, 'Крапивная', 0, 1, NULL, NULL),
(843, 'Мильково', 0, 1, NULL, NULL),
(844, 'Никольское', 0, 1, NULL, NULL),
(845, 'Озерновский', 0, 1, NULL, NULL),
(846, 'Оссора', 0, 1, NULL, NULL),
(847, 'Палана', 0, 1, NULL, NULL),
(848, 'Парень', 0, 1, NULL, NULL),
(849, 'Пахачи', 0, 1, NULL, NULL),
(850, 'Петропавловск-Камчатский', 0, 1, NULL, NULL),
(851, 'Тигиль', 0, 1, NULL, NULL),
(852, 'Тиличики', 0, 1, NULL, NULL),
(853, 'Усть-Большерецк', 0, 1, NULL, NULL),
(854, 'Усть-Камчатск', 0, 1, NULL, NULL),
(855, 'Амбарный', 0, 1, NULL, NULL),
(856, 'Беломорск', 0, 1, NULL, NULL),
(857, 'Валаам', 0, 1, NULL, NULL),
(858, 'Вирандозеро', 0, 1, NULL, NULL),
(859, 'Гирвас', 0, 1, NULL, NULL),
(860, 'Деревянка', 0, 1, NULL, NULL),
(861, 'Идель', 0, 1, NULL, NULL),
(862, 'Ильинский (Карелия)', 0, 1, NULL, NULL),
(863, 'Калевала', 0, 1, NULL, NULL),
(864, 'Кемь', 0, 1, NULL, NULL),
(865, 'Кестеньга', 0, 1, NULL, NULL),
(866, 'Кондопога', 0, 1, NULL, NULL),
(867, 'Костомукша', 0, 1, NULL, NULL),
(868, 'Лахденпохья', 0, 1, NULL, NULL),
(869, 'Лоухи', 0, 1, NULL, NULL),
(870, 'Медвежьегорск', 0, 1, NULL, NULL),
(871, 'Муезерский', 0, 1, NULL, NULL),
(872, 'Олонец', 0, 1, NULL, NULL),
(873, 'Петрозаводск', 0, 1, NULL, NULL),
(874, 'Питкяранта', 0, 1, NULL, NULL),
(875, 'Повенец', 0, 1, NULL, NULL),
(876, 'Пряжа', 0, 1, NULL, NULL),
(877, 'Пудож', 0, 1, NULL, NULL),
(878, 'Сегежа', 0, 1, NULL, NULL),
(879, 'Сортавала', 0, 1, NULL, NULL),
(880, 'Суоярви', 0, 1, NULL, NULL),
(881, 'Хийденсельга', 0, 1, NULL, NULL),
(882, 'Анжеро-Судженск', 0, 1, NULL, NULL),
(883, 'Барзас', 0, 1, NULL, NULL),
(884, 'Белово', 0, 1, NULL, NULL),
(886, 'Березовский (Кемеровская обл.)', 0, 1, NULL, NULL),
(887, 'Грамотеино', 0, 1, NULL, NULL),
(888, 'Гурьевск', 0, 1, NULL, NULL),
(889, 'Ижморский', 0, 1, NULL, NULL),
(890, 'Итатский', 0, 1, NULL, NULL),
(891, 'Калтан', 0, 1, NULL, NULL),
(892, 'Кедровка', 0, 1, NULL, NULL),
(893, 'Кемерово', 0, 1, NULL, NULL),
(894, 'Киселевск', 0, 1, NULL, NULL),
(895, 'Крапивинский', 0, 1, NULL, NULL),
(896, 'Ленинск-Кузнецкий', 0, 1, NULL, NULL),
(897, 'Мариинск', 0, 1, NULL, NULL),
(898, 'Междуреченск', 0, 1, NULL, NULL),
(899, 'Мыски', 0, 1, NULL, NULL),
(900, 'Новокузнецк', 0, 1, NULL, NULL),
(901, 'Осинники', 0, 1, NULL, NULL),
(902, 'Полысаево', 0, 1, NULL, NULL),
(903, 'Прокопьевск', 0, 1, NULL, NULL),
(904, 'Промышленная', 0, 1, NULL, NULL),
(905, 'Тайга', 0, 1, NULL, NULL),
(906, 'Таштагол', 0, 1, NULL, NULL),
(907, 'Тисуль', 0, 1, NULL, NULL),
(908, 'Топки', 0, 1, NULL, NULL),
(909, 'Тяжинский', 0, 1, NULL, NULL),
(910, 'Юрга', 0, 1, NULL, NULL),
(911, 'Яшкино', 0, 1, NULL, NULL),
(912, 'Яя', 0, 1, NULL, NULL),
(913, 'Арбаж', 0, 1, NULL, NULL),
(914, 'Аркуль', 0, 1, NULL, NULL),
(915, 'Белая Холуница', 0, 1, NULL, NULL),
(916, 'Богородское (Кировская обл.)', 0, 1, NULL, NULL),
(917, 'Боровой', 0, 1, NULL, NULL),
(918, 'Верхошижемье', 0, 1, NULL, NULL),
(919, 'Вятские Поляны (Кировская обл.)', 0, 1, NULL, NULL),
(920, 'Зуевка', 0, 1, NULL, NULL),
(921, 'Каринторф', 0, 1, NULL, NULL),
(922, 'Кикнур', 0, 1, NULL, NULL),
(923, 'Кильмезь', 0, 1, NULL, NULL),
(924, 'Киров (Кировская обл.)', 0, 1, NULL, NULL),
(925, 'Кирово-Чепецк', 0, 1, NULL, NULL),
(926, 'Кирс', 0, 1, NULL, NULL),
(927, 'Кобра', 0, 1, NULL, NULL),
(928, 'Котельнич', 0, 1, NULL, NULL),
(929, 'Кумены', 0, 1, NULL, NULL),
(930, 'Ленинское', 0, 1, NULL, NULL),
(931, 'Луза', 0, 1, NULL, NULL),
(932, 'Малмыж', 0, 1, NULL, NULL),
(933, 'Мураши', 0, 1, NULL, NULL),
(934, 'Нагорск', 0, 1, NULL, NULL),
(935, 'Нема', 0, 1, NULL, NULL),
(936, 'Нововятск', 0, 1, NULL, NULL),
(937, 'Нолинск', 0, 1, NULL, NULL),
(938, 'Омутнинск', 0, 1, NULL, NULL),
(939, 'Опарино', 0, 1, NULL, NULL),
(940, 'Оричи', 0, 1, NULL, NULL),
(941, 'Пижанка', 0, 1, NULL, NULL),
(942, 'Подосиновец', 0, 1, NULL, NULL),
(943, 'Санчурск', 0, 1, NULL, NULL),
(944, 'Свеча', 0, 1, NULL, NULL),
(945, 'Слободской', 0, 1, NULL, NULL),
(946, 'Советск (Кировская обл.)', 0, 1, NULL, NULL),
(947, 'Суна', 0, 1, NULL, NULL),
(948, 'Тужа', 0, 1, NULL, NULL),
(949, 'Уни', 0, 1, NULL, NULL),
(950, 'Уржум', 0, 1, NULL, NULL),
(951, 'Фаленки', 0, 1, NULL, NULL),
(952, 'Халтурин', 0, 1, NULL, NULL),
(953, 'Юрья', 0, 1, NULL, NULL),
(954, 'Яранск', 0, 1, NULL, NULL),
(955, 'Абезь', 0, 1, NULL, NULL),
(956, 'Адзьвавом', 0, 1, NULL, NULL),
(957, 'Айкино', 0, 1, NULL, NULL),
(958, 'Верхняя Инта', 0, 1, NULL, NULL),
(959, 'Визинга', 0, 1, NULL, NULL),
(960, 'Водный', 0, 1, NULL, NULL),
(961, 'Воркута', 0, 1, NULL, NULL),
(962, 'Вуктыл', 0, 1, NULL, NULL),
(963, 'Елецкий', 0, 1, NULL, NULL),
(964, 'Емва', 0, 1, NULL, NULL),
(965, 'Жешарт', 0, 1, NULL, NULL),
(966, 'Заполярный', 0, 1, NULL, NULL),
(967, 'Ижма', 0, 1, NULL, NULL),
(968, 'Инта', 0, 1, NULL, NULL),
(969, 'Ираель', 0, 1, NULL, NULL),
(970, 'Каджером', 0, 1, NULL, NULL),
(971, 'Кажым', 0, 1, NULL, NULL),
(972, 'Кожым', 0, 1, NULL, NULL),
(973, 'Койгородок', 0, 1, NULL, NULL),
(974, 'Корткерос', 0, 1, NULL, NULL),
(975, 'Кослан', 0, 1, NULL, NULL),
(976, 'Микунь', 0, 1, NULL, NULL),
(977, 'Нижний Одес', 0, 1, NULL, NULL),
(978, 'Объячево', 0, 1, NULL, NULL),
(979, 'Печора', 0, 1, NULL, NULL),
(980, 'Сосногорск', 0, 1, NULL, NULL),
(981, 'Сыктывкар', 0, 1, NULL, NULL),
(982, 'Троицко-Печерск', 0, 1, NULL, NULL),
(983, 'Усинск', 0, 1, NULL, NULL),
(984, 'Усогорск', 0, 1, NULL, NULL),
(985, 'Усть-Кулом', 0, 1, NULL, NULL),
(986, 'Усть-Цильма', 0, 1, NULL, NULL),
(987, 'Ухта', 0, 1, NULL, NULL),
(988, 'Антропово', 0, 1, NULL, NULL),
(989, 'Боговарово', 0, 1, NULL, NULL),
(990, 'Буй', 0, 1, NULL, NULL),
(991, 'Волгореченск', 0, 1, NULL, NULL),
(992, 'Галич', 0, 1, NULL, NULL),
(993, 'Горчуха', 0, 1, NULL, NULL),
(994, 'Зебляки', 0, 1, NULL, NULL),
(995, 'Кадый', 0, 1, NULL, NULL),
(996, 'Кологрив', 0, 1, NULL, NULL),
(997, 'Кострома', 0, 1, NULL, NULL),
(998, 'Красное-на-Волге', 0, 1, NULL, NULL),
(999, 'Макарьев', 0, 1, NULL, NULL),
(1000, 'Мантурово', 0, 1, NULL, NULL),
(1001, 'Нерехта', 0, 1, NULL, NULL),
(1002, 'Нея', 0, 1, NULL, NULL),
(1003, 'Островское', 0, 1, NULL, NULL),
(1004, 'Павино', 0, 1, NULL, NULL),
(1005, 'Парфентьево', 0, 1, NULL, NULL),
(1006, 'Поназырево', 0, 1, NULL, NULL),
(1007, 'Солигалич', 0, 1, NULL, NULL),
(1008, 'Судиславль', 0, 1, NULL, NULL),
(1009, 'Сусанино', 0, 1, NULL, NULL),
(1010, 'Чухлома', 0, 1, NULL, NULL),
(1011, 'Шарья', 0, 1, NULL, NULL),
(1012, 'Шемятино', 0, 1, NULL, NULL),
(1013, 'Абинск', 0, 1, NULL, NULL),
(1014, 'Абрау-Дюрсо', 0, 1, NULL, NULL),
(1015, 'Адлер', 0, 1, NULL, NULL),
(1016, 'Анапа', 0, 1, NULL, NULL),
(1017, 'Апшеронск', 0, 1, NULL, NULL),
(1018, 'Армавир', 0, 1, NULL, NULL),
(1019, 'Архипо-Осиповка', 0, 1, NULL, NULL),
(1020, 'Афипский', 0, 1, NULL, NULL),
(1021, 'Ахтырский', 0, 1, NULL, NULL),
(1022, 'Ачуево', 0, 1, NULL, NULL),
(1023, 'Белая Глина', 0, 1, NULL, NULL),
(1024, 'Белореченск', 0, 1, NULL, NULL),
(1025, 'Верхнебаканский', 0, 1, NULL, NULL),
(1026, 'Выселки', 0, 1, NULL, NULL),
(1027, 'Геленджик', 0, 1, NULL, NULL),
(1028, 'Гиагинская', 0, 1, NULL, NULL),
(1029, 'Горячий Ключ', 0, 1, NULL, NULL),
(1030, 'Гулькевичи', 0, 1, NULL, NULL),
(1031, 'Джубга', 0, 1, NULL, NULL),
(1032, 'Динская', 0, 1, NULL, NULL),
(1033, 'Ейск', 0, 1, NULL, NULL),
(1034, 'Ильский', 0, 1, NULL, NULL),
(1035, 'Кабардинка', 0, 1, NULL, NULL),
(1036, 'Калинино', 0, 1, NULL, NULL),
(1037, 'Калининская', 0, 1, NULL, NULL),
(1038, 'Каменномостский', 0, 1, NULL, NULL),
(1039, 'Каневская', 0, 1, NULL, NULL),
(1040, 'Кореновск', 0, 1, NULL, NULL),
(1041, 'Красноармейская', 0, 1, NULL, NULL),
(1042, 'Краснодар', 0, 1, NULL, NULL),
(1043, 'Кропоткин', 0, 1, NULL, NULL),
(1044, 'Крыловская', 0, 1, NULL, NULL),
(1045, 'Крымск', 0, 1, NULL, NULL),
(1046, 'Курганинск', 0, 1, NULL, NULL),
(1047, 'Кущевская', 0, 1, NULL, NULL),
(1048, 'Лабинск', 0, 1, NULL, NULL),
(1049, 'Лазаревское', 0, 1, NULL, NULL),
(1050, 'Ленинградская', 0, 1, NULL, NULL),
(1051, 'Майкоп (Краснодарский край)', 0, 1, NULL, NULL),
(1052, 'Мостовской', 0, 1, NULL, NULL),
(1053, 'Новокубанск', 0, 1, NULL, NULL),
(1054, 'Новороссийск', 0, 1, NULL, NULL),
(1055, 'Отрадная', 0, 1, NULL, NULL),
(1056, 'Павловская', 0, 1, NULL, NULL),
(1057, 'Приморско-Ахтарск', 0, 1, NULL, NULL),
(1058, 'Северская', 0, 1, NULL, NULL),
(1059, 'Славянск-на-Кубани', 0, 1, NULL, NULL),
(1060, 'Сочи', 0, 1, NULL, NULL),
(1061, 'Староминская', 0, 1, NULL, NULL),
(1062, 'Старощербиновская', 0, 1, NULL, NULL),
(1063, 'Тбилисская', 0, 1, NULL, NULL),
(1064, 'Темрюк', 0, 1, NULL, NULL),
(1065, 'Тимашевск', 0, 1, NULL, NULL),
(1066, 'Тихорецк', 0, 1, NULL, NULL),
(1067, 'Туапсе', 0, 1, NULL, NULL),
(1068, 'Тульский', 0, 1, NULL, NULL),
(1069, 'Усть-Лабинск', 0, 1, NULL, NULL),
(1070, 'Хадыженск', 0, 1, NULL, NULL),
(1071, 'Хоста', 0, 1, NULL, NULL),
(1072, 'Шовгеновский', 0, 1, NULL, NULL),
(1073, 'Абаза', 0, 1, NULL, NULL),
(1075, 'Агинское', 0, 1, NULL, NULL),
(1076, 'Артемовск', 0, 1, NULL, NULL),
(1077, 'Аскиз', 0, 1, NULL, NULL),
(1078, 'Ачинск', 0, 1, NULL, NULL),
(1079, 'Байкит', 0, 1, NULL, NULL),
(1080, 'Балахта', 0, 1, NULL, NULL),
(1081, 'Балыкса', 0, 1, NULL, NULL),
(1083, 'Бея', 0, 1, NULL, NULL),
(1084, 'Бискамжа', 0, 1, NULL, NULL),
(1085, 'Боготол', 0, 1, NULL, NULL),
(1086, 'Боград', 0, 1, NULL, NULL),
(1087, 'Богучаны', 0, 1, NULL, NULL),
(1088, 'Большая Мурта', 0, 1, NULL, NULL),
(1089, 'Большой Улуй', 0, 1, NULL, NULL),
(1090, 'Бородино (Красноярский край)', 0, 1, NULL, NULL),
(1091, 'Ванавара', 0, 1, NULL, NULL),
(1092, 'Верхнеимбатск', 0, 1, NULL, NULL),
(1093, 'Горячегорск', 0, 1, NULL, NULL),
(1094, 'Дзержинское', 0, 1, NULL, NULL),
(1095, 'Дивногорск', 0, 1, NULL, NULL),
(1096, 'Диксон', 0, 1, NULL, NULL),
(1097, 'Дудинка', 0, 1, NULL, NULL),
(1098, 'Емельяново', 0, 1, NULL, NULL),
(1099, 'Енисейск', 0, 1, NULL, NULL),
(1100, 'Ермаковское', 0, 1, NULL, NULL),
(1101, 'Железногорск', 0, 1, NULL, NULL),
(1102, 'Заозерный', 0, 1, NULL, NULL),
(1103, 'Зеленогорск (Красноярский край)', 0, 1, NULL, NULL),
(1104, 'Игарка', 0, 1, NULL, NULL),
(1105, 'Идринское', 0, 1, NULL, NULL),
(1106, 'Иланский', 0, 1, NULL, NULL),
(1107, 'Ирбейское', 0, 1, NULL, NULL),
(1108, 'Казачинское  (Красноярский край)', 0, 1, NULL, NULL),
(1109, 'Канск', 0, 1, NULL, NULL),
(1110, 'Каратузское', 0, 1, NULL, NULL),
(1111, 'Караул', 0, 1, NULL, NULL),
(1112, 'Кодинск', 0, 1, NULL, NULL),
(1113, 'Козулька', 0, 1, NULL, NULL),
(1114, 'Копьево', 0, 1, NULL, NULL),
(1115, 'Краснотуранск', 0, 1, NULL, NULL),
(1116, 'Красноярск', 1, 1, NULL, '2021-01-21 04:56:26'),
(1117, 'Курагино', 0, 1, NULL, NULL),
(1118, 'Лесосибирск', 0, 1, NULL, NULL),
(1119, 'Минусинск', 0, 1, NULL, NULL),
(1120, 'Мотыгино', 0, 1, NULL, NULL),
(1121, 'Назарово', 0, 1, NULL, NULL),
(1122, 'Нижний Ингаш', 0, 1, NULL, NULL),
(1123, 'Новоселово', 0, 1, NULL, NULL),
(1125, 'Партизанское', 0, 1, NULL, NULL),
(1126, 'Пировское', 0, 1, NULL, NULL),
(1127, 'Северо-Енисейский', 0, 1, NULL, NULL),
(1128, 'Сосновоборск (Красноярский край)', 0, 1, NULL, NULL),
(1129, 'Тасеево', 0, 1, NULL, NULL),
(1130, 'Таштып', 0, 1, NULL, NULL),
(1131, 'Тура', 0, 1, NULL, NULL),
(1132, 'Туруханск', 0, 1, NULL, NULL),
(1133, 'Тюхтет', 0, 1, NULL, NULL),
(1134, 'Ужур', 0, 1, NULL, NULL),
(1135, 'Уяр', 0, 1, NULL, NULL),
(1136, 'Хатанга', 0, 1, NULL, NULL),
(1137, 'Черемушки', 0, 1, NULL, NULL),
(1139, 'Шалинское', 0, 1, NULL, NULL),
(1140, 'Шарыпово  (Красноярский край)', 0, 1, NULL, NULL),
(1141, 'Шира', 0, 1, NULL, NULL),
(1142, 'Шушенское', 0, 1, NULL, NULL),
(1143, 'Варгаши', 0, 1, NULL, NULL),
(1144, 'Глядянское', 0, 1, NULL, NULL),
(1145, 'Далматово', 0, 1, NULL, NULL),
(1146, 'Каргаполье', 0, 1, NULL, NULL),
(1147, 'Катайск', 0, 1, NULL, NULL),
(1148, 'Кетово', 0, 1, NULL, NULL),
(1149, 'Курган', 0, 1, NULL, NULL),
(1150, 'Куртамыш', 0, 1, NULL, NULL),
(1151, 'Лебяжье', 0, 1, NULL, NULL),
(1152, 'Макушино', 0, 1, NULL, NULL),
(1153, 'Мишкино', 0, 1, NULL, NULL),
(1154, 'Мокроусово', 0, 1, NULL, NULL),
(1155, 'Петухово', 0, 1, NULL, NULL),
(1156, 'Половинное', 0, 1, NULL, NULL),
(1157, 'Сафакулево', 0, 1, NULL, NULL),
(1159, 'Шадринск', 0, 1, NULL, NULL),
(1160, 'Шатрово', 0, 1, NULL, NULL),
(1161, 'Шумиха', 0, 1, NULL, NULL),
(1162, 'Щучье', 0, 1, NULL, NULL),
(1163, 'Юргамыш', 0, 1, NULL, NULL),
(1164, 'Альменево', 0, 1, NULL, NULL),
(1165, 'Белая', 0, 1, NULL, NULL),
(1166, 'Большое Солдатское', 0, 1, NULL, NULL),
(1167, 'Глушково', 0, 1, NULL, NULL),
(1168, 'Горшечное', 0, 1, NULL, NULL),
(1169, 'Дмитриев-Льговский', 0, 1, NULL, NULL),
(1171, 'Золотухино', 0, 1, NULL, NULL),
(1172, 'Касторное', 0, 1, NULL, NULL),
(1173, 'Конышевка', 0, 1, NULL, NULL),
(1174, 'Коренево', 0, 1, NULL, NULL),
(1175, 'Курск', 0, 1, NULL, NULL),
(1176, 'Курчатов', 0, 1, NULL, NULL),
(1177, 'Кшенский', 0, 1, NULL, NULL),
(1178, 'Льгов', 0, 1, NULL, NULL),
(1180, 'Медвенка', 0, 1, NULL, NULL),
(1181, 'Обоянь', 0, 1, NULL, NULL),
(1182, 'Поныри', 0, 1, NULL, NULL),
(1183, 'Пристень', 0, 1, NULL, NULL),
(1184, 'Прямицыно', 0, 1, NULL, NULL),
(1185, 'Рыльск', 0, 1, NULL, NULL),
(1186, 'Суджа', 0, 1, NULL, NULL),
(1187, 'Тим', 0, 1, NULL, NULL),
(1188, 'Фатеж', 0, 1, NULL, NULL),
(1189, 'Хомутовка', 0, 1, NULL, NULL),
(1190, 'Черемисиново', 0, 1, NULL, NULL),
(1191, 'Щигры', 0, 1, NULL, NULL),
(1192, 'Грязи', 0, 1, NULL, NULL),
(1193, 'Данков', 0, 1, NULL, NULL),
(1194, 'Доброе', 0, 1, NULL, NULL),
(1195, 'Долгоруково', 0, 1, NULL, NULL),
(1196, 'Елец', 0, 1, NULL, NULL),
(1197, 'Задонск', 0, 1, NULL, NULL),
(1198, 'Измалково', 0, 1, NULL, NULL),
(1199, 'Казинка', 0, 1, NULL, NULL),
(1200, 'Лебедянь', 0, 1, NULL, NULL),
(1201, 'Лев Толстой', 0, 1, NULL, NULL),
(1202, 'Липецк', 0, 1, NULL, NULL),
(1203, 'Тербуны', 0, 1, NULL, NULL),
(1204, 'Усмань', 0, 1, NULL, NULL),
(1205, 'Хлевное', 0, 1, NULL, NULL),
(1206, 'Чаплыгин', 0, 1, NULL, NULL),
(1207, 'Анадырь (Магаданская обл.)', 0, 1, NULL, NULL),
(1208, 'Атка', 0, 1, NULL, NULL),
(1209, 'Беринговский', 0, 1, NULL, NULL),
(1210, 'Билибино', 0, 1, NULL, NULL),
(1211, 'Большевик', 0, 1, NULL, NULL),
(1212, 'Ванкарем', 0, 1, NULL, NULL),
(1213, 'Кадыкчан', 0, 1, NULL, NULL),
(1214, 'Лаврентия', 0, 1, NULL, NULL),
(1215, 'Магадан', 0, 1, NULL, NULL),
(1216, 'Мыс Шмидта', 0, 1, NULL, NULL),
(1217, 'Ола', 0, 1, NULL, NULL),
(1218, 'Омсукчан', 0, 1, NULL, NULL),
(1219, 'Палатка', 0, 1, NULL, NULL),
(1220, 'Певек', 0, 1, NULL, NULL),
(1221, 'Провидения', 0, 1, NULL, NULL),
(1222, 'Сеймчан', 0, 1, NULL, NULL),
(1223, 'Синегорье', 0, 1, NULL, NULL),
(1224, 'Сусуман', 0, 1, NULL, NULL),
(1225, 'Усть-Омчуг', 0, 1, NULL, NULL),
(1226, 'Эвенск', 0, 1, NULL, NULL),
(1227, 'Эгвекинот', 0, 1, NULL, NULL),
(1228, 'Ягодное', 0, 1, NULL, NULL),
(1229, 'Волжск', 0, 1, NULL, NULL),
(1230, 'Дубовский', 0, 1, NULL, NULL),
(1231, 'Звенигово', 0, 1, NULL, NULL),
(1232, 'Йошкар-Ола', 0, 1, NULL, NULL),
(1233, 'Килемары', 0, 1, NULL, NULL),
(1234, 'Козьмодемьянск', 0, 1, NULL, NULL),
(1235, 'Куженер', 0, 1, NULL, NULL),
(1236, 'Мари-Турек', 0, 1, NULL, NULL),
(1237, 'Медведево', 0, 1, NULL, NULL),
(1238, 'Морки', 0, 1, NULL, NULL),
(1239, 'Новый Торьял', 0, 1, NULL, NULL),
(1240, 'Оршанка', 0, 1, NULL, NULL),
(1241, 'Параньга', 0, 1, NULL, NULL),
(1242, 'Сернур', 0, 1, NULL, NULL),
(1243, 'Советский (Марий Эл)', 0, 1, NULL, NULL),
(1244, 'Юрино', 0, 1, NULL, NULL),
(1245, 'Ардатов', 0, 1, NULL, NULL),
(1246, 'Атюрьево', 0, 1, NULL, NULL),
(1247, 'Атяшево', 0, 1, NULL, NULL),
(1248, 'Большие Березники', 0, 1, NULL, NULL),
(1249, 'Большое Игнатово', 0, 1, NULL, NULL),
(1250, 'Выша', 0, 1, NULL, NULL),
(1251, 'Ельники', 0, 1, NULL, NULL),
(1252, 'Зубова Поляна', 0, 1, NULL, NULL),
(1253, 'Инсар', 0, 1, NULL, NULL),
(1254, 'Кадошкино', 0, 1, NULL, NULL),
(1255, 'Кемля', 0, 1, NULL, NULL),
(1256, 'Ковылкино', 0, 1, NULL, NULL),
(1257, 'Комсомольский (Мордовия)', 0, 1, NULL, NULL),
(1258, 'Кочкурово', 0, 1, NULL, NULL),
(1259, 'Краснослободск', 0, 1, NULL, NULL),
(1260, 'Лямбирь', 0, 1, NULL, NULL),
(1261, 'Ромоданово', 0, 1, NULL, NULL),
(1262, 'Рузаевка', 0, 1, NULL, NULL),
(1263, 'Саранск', 0, 1, NULL, NULL),
(1264, 'Старое Шайгово', 0, 1, NULL, NULL),
(1265, 'Темников', 0, 1, NULL, NULL),
(1266, 'Теньгушево', 0, 1, NULL, NULL),
(1267, 'Торбеево', 0, 1, NULL, NULL),
(1268, 'Чамзинка', 0, 1, NULL, NULL),
(1269, 'Апатиты', 0, 1, NULL, NULL),
(1270, 'Африканда', 0, 1, NULL, NULL),
(1271, 'Верхнетуломский', 0, 1, NULL, NULL),
(1272, 'Видяево', 0, 1, NULL, NULL),
(1273, 'Гаджиево', 0, 1, NULL, NULL),
(1274, 'Заозерск', 0, 1, NULL, NULL),
(1276, 'Зареченск', 0, 1, NULL, NULL),
(1277, 'Зашеек', 0, 1, NULL, NULL),
(1278, 'Зеленоборский', 0, 1, NULL, NULL),
(1279, 'Кандалакша', 0, 1, NULL, NULL),
(1280, 'Кильдинстрой', 0, 1, NULL, NULL),
(1281, 'Кировск', 0, 1, NULL, NULL),
(1282, 'Ковдор', 0, 1, NULL, NULL),
(1283, 'Кола', 0, 1, NULL, NULL),
(1284, 'Конда', 0, 1, NULL, NULL),
(1285, 'Ловозеро', 0, 1, NULL, NULL),
(1286, 'Мончегорск', 0, 1, NULL, NULL),
(1287, 'Мурманск', 0, 1, NULL, NULL),
(1288, 'Мурмаши', 0, 1, NULL, NULL),
(1289, 'Никель', 0, 1, NULL, NULL),
(1290, 'Оленегорск', 0, 1, NULL, NULL),
(1291, 'Полярные Зори', 0, 1, NULL, NULL),
(1292, 'Полярный', 0, 1, NULL, NULL),
(1293, 'Ревда (Мурманская обл.)', 0, 1, NULL, NULL),
(1294, 'Североморск', 0, 1, NULL, NULL),
(1295, 'Снежногорск', 0, 1, NULL, NULL),
(1296, 'Умба', 0, 1, NULL, NULL),
(1298, 'Арзамас', 0, 1, NULL, NULL),
(1299, 'Арья', 0, 1, NULL, NULL),
(1300, 'Балахна', 0, 1, NULL, NULL),
(1301, 'Богородск', 0, 1, NULL, NULL),
(1302, 'Большереченск', 0, 1, NULL, NULL),
(1303, 'Большое Болдино', 0, 1, NULL, NULL),
(1304, 'Большое Козино', 0, 1, NULL, NULL),
(1305, 'Большое Мурашкино', 0, 1, NULL, NULL),
(1306, 'Большое Пикино', 0, 1, NULL, NULL),
(1307, 'Бор', 0, 1, NULL, NULL),
(1308, 'Бутурлино', 0, 1, NULL, NULL),
(1309, 'Вад', 0, 1, NULL, NULL),
(1310, 'Варнавино', 0, 1, NULL, NULL),
(1311, 'Васильсурск', 0, 1, NULL, NULL),
(1312, 'Вахтан', 0, 1, NULL, NULL),
(1313, 'Вача', 0, 1, NULL, NULL),
(1314, 'Ветлуга', 0, 1, NULL, NULL),
(1315, 'Виля', 0, 1, NULL, NULL),
(1316, 'Вознесенское', 0, 1, NULL, NULL),
(1317, 'Володарск', 0, 1, NULL, NULL),
(1318, 'Воротынец', 0, 1, NULL, NULL),
(1319, 'Ворсма', 0, 1, NULL, NULL),
(1320, 'Воскресенское', 0, 1, NULL, NULL),
(1321, 'Выездное', 0, 1, NULL, NULL),
(1322, 'Выкса', 0, 1, NULL, NULL),
(1323, 'Гагино', 0, 1, NULL, NULL),
(1324, 'Гидроторф', 0, 1, NULL, NULL),
(1325, 'Горбатов', 0, 1, NULL, NULL),
(1326, 'Горбатовка', 0, 1, NULL, NULL),
(1327, 'Городец', 0, 1, NULL, NULL),
(1328, 'Дальнее Константиново', 0, 1, NULL, NULL),
(1329, 'Дзержинск', 0, 1, NULL, NULL),
(1330, 'Дивеево', 0, 1, NULL, NULL),
(1331, 'Досчатое', 0, 1, NULL, NULL),
(1332, 'Заволжье', 0, 1, NULL, NULL),
(1333, 'Керженец', 0, 1, NULL, NULL),
(1334, 'Княгинино', 0, 1, NULL, NULL),
(1335, 'Ковернино', 0, 1, NULL, NULL),
(1336, 'Красные Баки', 0, 1, NULL, NULL),
(1337, 'Кстово', 0, 1, NULL, NULL),
(1338, 'Кулебаки', 0, 1, NULL, NULL),
(1339, 'Лукоянов', 0, 1, NULL, NULL),
(1340, 'Лысково', 0, 1, NULL, NULL),
(1341, 'Навашино', 0, 1, NULL, NULL),
(1342, 'Нижний Новгород', 0, 1, NULL, NULL),
(1343, 'Новосмолинский', 0, 1, NULL, NULL),
(1344, 'Павлово', 0, 1, NULL, NULL),
(1345, 'Первомайск', 0, 1, NULL, NULL),
(1346, 'Перевоз', 0, 1, NULL, NULL),
(1347, 'Пильна', 0, 1, NULL, NULL),
(1348, 'Починки', 0, 1, NULL, NULL),
(1349, 'Саров (Нижегородская обл.)', 0, 1, NULL, NULL),
(1350, 'Семенов', 0, 1, NULL, NULL),
(1351, 'Сергач', 0, 1, NULL, NULL),
(1352, 'Сеченово', 0, 1, NULL, NULL),
(1353, 'Сосновское', 0, 1, NULL, NULL),
(1354, 'Спасское', 0, 1, NULL, NULL),
(1355, 'Тонкино', 0, 1, NULL, NULL),
(1356, 'Тоншаево', 0, 1, NULL, NULL),
(1357, 'Уразовка', 0, 1, NULL, NULL),
(1358, 'Урень', 0, 1, NULL, NULL),
(1359, 'Чкаловск', 0, 1, NULL, NULL),
(1360, 'Шаранга', 0, 1, NULL, NULL),
(1361, 'Шатки', 0, 1, NULL, NULL),
(1362, 'Шахунья', 0, 1, NULL, NULL),
(1363, 'Анциферово', 0, 1, NULL, NULL),
(1364, 'Батецкий', 0, 1, NULL, NULL),
(1365, 'Большая Вишера', 0, 1, NULL, NULL),
(1366, 'Боровичи', 0, 1, NULL, NULL),
(1367, 'Валдай', 0, 1, NULL, NULL),
(1368, 'Великий Новгород (Новгород)', 0, 1, NULL, NULL),
(1369, 'Волот', 0, 1, NULL, NULL),
(1370, 'Деманск', 0, 1, NULL, NULL),
(1372, 'Крестцы', 0, 1, NULL, NULL),
(1373, 'Любытино', 0, 1, NULL, NULL),
(1374, 'Малая Вишера', 0, 1, NULL, NULL);
INSERT INTO `cities` (`id`, `name`, `pickup`, `country_id`, `created_at`, `updated_at`) VALUES
(1375, 'Марево', 0, 1, NULL, NULL),
(1376, 'Мошенское', 0, 1, NULL, NULL),
(1377, 'Окуловка', 0, 1, NULL, NULL),
(1378, 'Парфино', 0, 1, NULL, NULL),
(1379, 'Пестово', 0, 1, NULL, NULL),
(1380, 'Поддорье', 0, 1, NULL, NULL),
(1381, 'Сольцы', 0, 1, NULL, NULL),
(1382, 'Старая Русса', 0, 1, NULL, NULL),
(1383, 'Хвойная', 0, 1, NULL, NULL),
(1384, 'Холм', 0, 1, NULL, NULL),
(1385, 'Чудово', 0, 1, NULL, NULL),
(1386, 'Шимск', 0, 1, NULL, NULL),
(1387, 'Баган', 0, 1, NULL, NULL),
(1388, 'Барабинск', 0, 1, NULL, NULL),
(1389, 'Бердск', 0, 1, NULL, NULL),
(1390, 'Биаза', 0, 1, NULL, NULL),
(1391, 'Болотное', 0, 1, NULL, NULL),
(1392, 'Венгерово', 0, 1, NULL, NULL),
(1393, 'Довольное', 0, 1, NULL, NULL),
(1394, 'Завьялово', 0, 1, NULL, NULL),
(1395, 'Искитим', 0, 1, NULL, NULL),
(1396, 'Карасук', 0, 1, NULL, NULL),
(1397, 'Каргат', 0, 1, NULL, NULL),
(1398, 'Колывань', 0, 1, NULL, NULL),
(1399, 'Краснозерское', 0, 1, NULL, NULL),
(1400, 'Крутиха', 0, 1, NULL, NULL),
(1401, 'Куйбышев (Новосибирская обл.)', 0, 1, NULL, NULL),
(1402, 'Купино', 0, 1, NULL, NULL),
(1403, 'Кыштовка', 0, 1, NULL, NULL),
(1404, 'Маслянино', 0, 1, NULL, NULL),
(1405, 'Мошково', 0, 1, NULL, NULL),
(1406, 'Новосибирск', 0, 1, NULL, NULL),
(1407, 'Норильск', 0, 1, NULL, NULL),
(1408, 'Обь', 0, 1, NULL, NULL),
(1409, 'Ордынское', 0, 1, NULL, NULL),
(1410, 'Северное', 0, 1, NULL, NULL),
(1411, 'Сузун', 0, 1, NULL, NULL),
(1412, 'Татарск', 0, 1, NULL, NULL),
(1413, 'Тогучин', 0, 1, NULL, NULL),
(1414, 'Убинское', 0, 1, NULL, NULL),
(1415, 'Усть-Тарка', 0, 1, NULL, NULL),
(1416, 'Чаны', 0, 1, NULL, NULL),
(1417, 'Черепаново', 0, 1, NULL, NULL),
(1418, 'Чистоозерное', 0, 1, NULL, NULL),
(1419, 'Чулым', 0, 1, NULL, NULL),
(1420, 'Береговой', 0, 1, NULL, NULL),
(1421, 'Большеречье', 0, 1, NULL, NULL),
(1422, 'Большие Уки', 0, 1, NULL, NULL),
(1423, 'Горьковское', 0, 1, NULL, NULL),
(1424, 'Знаменское (Омская обл.)', 0, 1, NULL, NULL),
(1425, 'Исилькуль', 0, 1, NULL, NULL),
(1426, 'Калачинск', 0, 1, NULL, NULL),
(1427, 'Колосовка', 0, 1, NULL, NULL),
(1428, 'Кормиловка', 0, 1, NULL, NULL),
(1429, 'Крутинка', 0, 1, NULL, NULL),
(1430, 'Любинский', 0, 1, NULL, NULL),
(1431, 'Марьяновка', 0, 1, NULL, NULL),
(1432, 'Муромцево', 0, 1, NULL, NULL),
(1433, 'Называевск', 0, 1, NULL, NULL),
(1434, 'Нижняя Омка', 0, 1, NULL, NULL),
(1435, 'Нововаршавка', 0, 1, NULL, NULL),
(1436, 'Одесское', 0, 1, NULL, NULL),
(1437, 'Оконешниково', 0, 1, NULL, NULL),
(1438, 'Омск', 0, 1, NULL, NULL),
(1439, 'Павлоградка', 0, 1, NULL, NULL),
(1440, 'Полтавка', 0, 1, NULL, NULL),
(1441, 'Русская Поляна', 0, 1, NULL, NULL),
(1442, 'Саргатское', 0, 1, NULL, NULL),
(1443, 'Седельниково', 0, 1, NULL, NULL),
(1444, 'Таврическое', 0, 1, NULL, NULL),
(1445, 'Тара', 0, 1, NULL, NULL),
(1446, 'Тевриз', 0, 1, NULL, NULL),
(1447, 'Тюкалинск', 0, 1, NULL, NULL),
(1448, 'Усть-Ишим', 0, 1, NULL, NULL),
(1449, 'Черлак', 0, 1, NULL, NULL),
(1450, 'Шербакуль', 0, 1, NULL, NULL),
(1451, 'Абдулино', 0, 1, NULL, NULL),
(1452, 'Адамовка', 0, 1, NULL, NULL),
(1453, 'Айдырлинский', 0, 1, NULL, NULL),
(1454, 'Акбулак', 0, 1, NULL, NULL),
(1455, 'Аккермановка', 0, 1, NULL, NULL),
(1456, 'Асекеево', 0, 1, NULL, NULL),
(1457, 'Беляевка', 0, 1, NULL, NULL),
(1458, 'Бугуруслан', 0, 1, NULL, NULL),
(1459, 'Бузулук', 0, 1, NULL, NULL),
(1460, 'Гай', 0, 1, NULL, NULL),
(1461, 'Грачевка', 0, 1, NULL, NULL),
(1462, 'Домбаровский', 0, 1, NULL, NULL),
(1463, 'Дубенский', 0, 1, NULL, NULL),
(1464, 'Илек', 0, 1, NULL, NULL),
(1465, 'Ириклинский', 0, 1, NULL, NULL),
(1466, 'Кувандык', 0, 1, NULL, NULL),
(1467, 'Курманаевка', 0, 1, NULL, NULL),
(1468, 'Матвеевка', 0, 1, NULL, NULL),
(1469, 'Медногорск', 0, 1, NULL, NULL),
(1470, 'Новоорск', 0, 1, NULL, NULL),
(1471, 'Новосергиевка', 0, 1, NULL, NULL),
(1472, 'Новотроицк', 0, 1, NULL, NULL),
(1473, 'Октябрьское (Оренбург.)', 0, 1, NULL, NULL),
(1474, 'Оренбург', 0, 1, NULL, NULL),
(1475, 'Орск', 0, 1, NULL, NULL),
(1476, 'Первомайский (Оренбург.)', 0, 1, NULL, NULL),
(1477, 'Переволоцкий', 0, 1, NULL, NULL),
(1478, 'Пономаревка', 0, 1, NULL, NULL),
(1479, 'Саракташ', 0, 1, NULL, NULL),
(1480, 'Светлый (Оренбургская обл.)', 0, 1, NULL, NULL),
(1482, 'Соль-Илецк', 0, 1, NULL, NULL),
(1483, 'Сорочинск', 0, 1, NULL, NULL),
(1484, 'Ташла', 0, 1, NULL, NULL),
(1485, 'Тоцкое', 0, 1, NULL, NULL),
(1486, 'Тюльган', 0, 1, NULL, NULL),
(1487, 'Шарлык', 0, 1, NULL, NULL),
(1488, 'Энергетик', 0, 1, NULL, NULL),
(1489, 'Ясный', 0, 1, NULL, NULL),
(1490, 'Болхов', 0, 1, NULL, NULL),
(1491, 'Верховье', 0, 1, NULL, NULL),
(1492, 'Глазуновка', 0, 1, NULL, NULL),
(1493, 'Дмитровск-Орловский', 0, 1, NULL, NULL),
(1494, 'Долгое', 0, 1, NULL, NULL),
(1495, 'Залегощь', 0, 1, NULL, NULL),
(1496, 'Змиевка', 0, 1, NULL, NULL),
(1497, 'Знаменское (Орловская обл.)', 0, 1, NULL, NULL),
(1498, 'Колпны', 0, 1, NULL, NULL),
(1499, 'Красная Заря', 0, 1, NULL, NULL),
(1500, 'Кромы', 0, 1, NULL, NULL),
(1501, 'Ливны', 0, 1, NULL, NULL),
(1502, 'Малоархангельск', 0, 1, NULL, NULL),
(1503, 'Мценск', 0, 1, NULL, NULL),
(1504, 'Нарышкино', 0, 1, NULL, NULL),
(1505, 'Новосиль', 0, 1, NULL, NULL),
(1506, 'Орел', 0, 1, NULL, NULL),
(1508, 'Сосково', 0, 1, NULL, NULL),
(1509, 'Тросна', 0, 1, NULL, NULL),
(1510, 'Хомутово', 0, 1, NULL, NULL),
(1511, 'Хотынец', 0, 1, NULL, NULL),
(1512, 'Шаблыкино', 0, 1, NULL, NULL),
(1513, 'Башмаково', 0, 1, NULL, NULL),
(1514, 'Беднодемьяновск', 0, 1, NULL, NULL),
(1515, 'Беково', 0, 1, NULL, NULL),
(1516, 'Белинский', 0, 1, NULL, NULL),
(1517, 'Бессоновка', 0, 1, NULL, NULL),
(1518, 'Вадинск', 0, 1, NULL, NULL),
(1519, 'Верхозим', 0, 1, NULL, NULL),
(1520, 'Городище (Пензенская обл.)', 0, 1, NULL, NULL),
(1521, 'Евлашево', 0, 1, NULL, NULL),
(1522, 'Заречный (Пензенская обл.)', 0, 1, NULL, NULL),
(1523, 'Земетчино', 0, 1, NULL, NULL),
(1524, 'Золотаревка', 0, 1, NULL, NULL),
(1525, 'Исса', 0, 1, NULL, NULL),
(1526, 'Каменка', 0, 1, NULL, NULL),
(1527, 'Колышлей', 0, 1, NULL, NULL),
(1528, 'Кондоль', 0, 1, NULL, NULL),
(1529, 'Кузнецк', 0, 1, NULL, NULL),
(1530, 'Лопатино', 0, 1, NULL, NULL),
(1531, 'Малая Сердоба', 0, 1, NULL, NULL),
(1532, 'Мокшан', 0, 1, NULL, NULL),
(1533, 'Наровчат', 0, 1, NULL, NULL),
(1534, 'Неверкино', 0, 1, NULL, NULL),
(1535, 'Нижний Ломов', 0, 1, NULL, NULL),
(1536, 'Никольск (Пензенская обл.)', 0, 1, NULL, NULL),
(1537, 'Пачелма', 0, 1, NULL, NULL),
(1538, 'Пенза', 0, 1, NULL, NULL),
(1539, 'Русский Камешкир', 0, 1, NULL, NULL),
(1540, 'Сердобск', 0, 1, NULL, NULL),
(1541, 'Сосновоборск', 0, 1, NULL, NULL),
(1542, 'Сура', 0, 1, NULL, NULL),
(1543, 'Тамала', 0, 1, NULL, NULL),
(1544, 'Шемышейка', 0, 1, NULL, NULL),
(1545, 'Александровск', 0, 1, NULL, NULL),
(1546, 'Барда', 0, 1, NULL, NULL),
(1547, 'Березники', 0, 1, NULL, NULL),
(1548, 'Большая Соснова', 0, 1, NULL, NULL),
(1549, 'Верещагино', 0, 1, NULL, NULL),
(1550, 'Гайны', 0, 1, NULL, NULL),
(1551, 'Горнозаводск (Пермский край)', 0, 1, NULL, NULL),
(1552, 'Гремячинск', 0, 1, NULL, NULL),
(1553, 'Губаха', 0, 1, NULL, NULL),
(1554, 'Добрянка', 0, 1, NULL, NULL),
(1555, 'Елово', 0, 1, NULL, NULL),
(1556, 'Зюкайка', 0, 1, NULL, NULL),
(1557, 'Ильинский (Пермская обл.)', 0, 1, NULL, NULL),
(1558, 'Карагай', 0, 1, NULL, NULL),
(1559, 'Керчевский', 0, 1, NULL, NULL),
(1560, 'Кизел', 0, 1, NULL, NULL),
(1561, 'Коса', 0, 1, NULL, NULL),
(1562, 'Кочево', 0, 1, NULL, NULL),
(1563, 'Красновишерск', 0, 1, NULL, NULL),
(1564, 'Краснокамск', 0, 1, NULL, NULL),
(1565, 'Кудымкар', 0, 1, NULL, NULL),
(1566, 'Куеда', 0, 1, NULL, NULL),
(1567, 'Кунгур', 0, 1, NULL, NULL),
(1568, 'Лысьва', 0, 1, NULL, NULL),
(1569, 'Ныроб', 0, 1, NULL, NULL),
(1570, 'Нытва', 0, 1, NULL, NULL),
(1571, 'Октябрьский', 0, 1, NULL, NULL),
(1572, 'Орда', 0, 1, NULL, NULL),
(1573, 'Оса', 0, 1, NULL, NULL),
(1574, 'Оханск', 0, 1, NULL, NULL),
(1575, 'Очер', 0, 1, NULL, NULL),
(1576, 'Пермь', 0, 1, NULL, NULL),
(1577, 'Соликамск', 0, 1, NULL, NULL),
(1578, 'Суксун', 0, 1, NULL, NULL),
(1579, 'Уинское', 0, 1, NULL, NULL),
(1580, 'Усолье', 0, 1, NULL, NULL),
(1581, 'Усть-Кишерть', 0, 1, NULL, NULL),
(1582, 'Чайковский', 0, 1, NULL, NULL),
(1583, 'Частые', 0, 1, NULL, NULL),
(1584, 'Чердынь', 0, 1, NULL, NULL),
(1585, 'Чернореченский', 0, 1, NULL, NULL),
(1586, 'Чернушка', 0, 1, NULL, NULL),
(1587, 'Чусовой', 0, 1, NULL, NULL),
(1588, 'Юрла', 0, 1, NULL, NULL),
(1589, 'Юсьва', 0, 1, NULL, NULL),
(1590, 'Анучино', 0, 1, NULL, NULL),
(1591, 'Арсеньев', 0, 1, NULL, NULL),
(1592, 'Артем', 0, 1, NULL, NULL),
(1593, 'Артемовский (Приморский край)', 0, 1, NULL, NULL),
(1594, 'Большой Камень', 0, 1, NULL, NULL),
(1595, 'Валентин', 0, 1, NULL, NULL),
(1596, 'Владивосток', 0, 1, NULL, NULL),
(1597, 'Высокогорск', 0, 1, NULL, NULL),
(1598, 'Горные Ключи', 0, 1, NULL, NULL),
(1600, 'Дальнегорск', 0, 1, NULL, NULL),
(1601, 'Дальнереченск', 0, 1, NULL, NULL),
(1602, 'Зарубино', 0, 1, NULL, NULL),
(1603, 'Кавалерово', 0, 1, NULL, NULL),
(1604, 'Каменка (Приморский край)', 0, 1, NULL, NULL),
(1605, 'Камень-Рыболов', 0, 1, NULL, NULL),
(1607, 'Лазо', 0, 1, NULL, NULL),
(1608, 'Лесозаводск', 0, 1, NULL, NULL),
(1609, 'Лучегорск', 0, 1, NULL, NULL),
(1610, 'Михайловка (Приморский край)', 0, 1, NULL, NULL),
(1611, 'Находка (Приморский край)', 0, 1, NULL, NULL),
(1612, 'Новопокровка', 0, 1, NULL, NULL),
(1613, 'Ольга', 0, 1, NULL, NULL),
(1614, 'Партизанск', 0, 1, NULL, NULL),
(1615, 'Пластун', 0, 1, NULL, NULL),
(1616, 'Пограничный', 0, 1, NULL, NULL),
(1617, 'Покровка', 0, 1, NULL, NULL),
(1618, 'Посьет', 0, 1, NULL, NULL),
(1619, 'Русский', 0, 1, NULL, NULL),
(1620, 'Славянка', 0, 1, NULL, NULL),
(1621, 'Спасск-Дальний', 0, 1, NULL, NULL),
(1622, 'Терней', 0, 1, NULL, NULL),
(1623, 'Уссурийск', 0, 1, NULL, NULL),
(1624, 'Фокино', 0, 1, NULL, NULL),
(1625, 'Хасан', 0, 1, NULL, NULL),
(1626, 'Хороль', 0, 1, NULL, NULL),
(1627, 'Черниговка', 0, 1, NULL, NULL),
(1628, 'Чугуевка', 0, 1, NULL, NULL),
(1629, 'Яковлевка', 0, 1, NULL, NULL),
(1630, 'Ярославский', 0, 1, NULL, NULL),
(1631, 'Бежаницы', 0, 1, NULL, NULL),
(1632, 'Великие Луки', 0, 1, NULL, NULL),
(1633, 'Гдов', 0, 1, NULL, NULL),
(1634, 'Дедовичи', 0, 1, NULL, NULL),
(1635, 'Дно', 0, 1, NULL, NULL),
(1636, 'Заплюсье', 0, 1, NULL, NULL),
(1637, 'Идрица', 0, 1, NULL, NULL),
(1638, 'Красногородское', 0, 1, NULL, NULL),
(1639, 'Кунья', 0, 1, NULL, NULL),
(1640, 'Локня', 0, 1, NULL, NULL),
(1641, 'Невель', 0, 1, NULL, NULL),
(1642, 'Новоржев', 0, 1, NULL, NULL),
(1643, 'Новосокольники', 0, 1, NULL, NULL),
(1644, 'Опочка', 0, 1, NULL, NULL),
(1645, 'Остров', 0, 1, NULL, NULL),
(1646, 'Палкино', 0, 1, NULL, NULL),
(1647, 'Печоры', 0, 1, NULL, NULL),
(1648, 'Плюсса', 0, 1, NULL, NULL),
(1649, 'Порхов', 0, 1, NULL, NULL),
(1650, 'Псков', 0, 1, NULL, NULL),
(1651, 'Пустошка', 0, 1, NULL, NULL),
(1652, 'Пушкинские Горы', 0, 1, NULL, NULL),
(1653, 'Пыталово', 0, 1, NULL, NULL),
(1654, 'Себеж', 0, 1, NULL, NULL),
(1655, 'Струги-Красные', 0, 1, NULL, NULL),
(1656, 'Усвяты', 0, 1, NULL, NULL),
(1657, 'Азов', 0, 1, NULL, NULL),
(1658, 'Аксай (Ростовская обл.)', 0, 1, NULL, NULL),
(1659, 'Алмазный', 0, 1, NULL, NULL),
(1660, 'Аютинск', 0, 1, NULL, NULL),
(1661, 'Багаевский', 0, 1, NULL, NULL),
(1662, 'Батайск', 0, 1, NULL, NULL),
(1663, 'Белая Калитва', 0, 1, NULL, NULL),
(1664, 'Боковская', 0, 1, NULL, NULL),
(1665, 'Большая Мартыновка', 0, 1, NULL, NULL),
(1666, 'Вешенская', 0, 1, NULL, NULL),
(1667, 'Волгодонск', 0, 1, NULL, NULL),
(1668, 'Восход', 0, 1, NULL, NULL),
(1669, 'Гигант', 0, 1, NULL, NULL),
(1670, 'Горняцкий', 0, 1, NULL, NULL),
(1671, 'Гуково', 0, 1, NULL, NULL),
(1672, 'Донецк', 0, 1, NULL, NULL),
(1673, 'Донской (Ростовская обл.)', 0, 1, NULL, NULL),
(1674, 'Дубовское', 0, 1, NULL, NULL),
(1675, 'Егорлыкская', 0, 1, NULL, NULL),
(1676, 'Жирнов', 0, 1, NULL, NULL),
(1677, 'Заветное', 0, 1, NULL, NULL),
(1678, 'Заводской', 0, 1, NULL, NULL),
(1679, 'Зверево', 0, 1, NULL, NULL),
(1680, 'Зерноград', 0, 1, NULL, NULL),
(1681, 'Зимовники', 0, 1, NULL, NULL),
(1682, 'Кагальницкая', 0, 1, NULL, NULL),
(1683, 'Казанская', 0, 1, NULL, NULL),
(1684, 'Каменоломни', 0, 1, NULL, NULL),
(1685, 'Каменск-Шахтинский', 0, 1, NULL, NULL),
(1686, 'Кашары', 0, 1, NULL, NULL),
(1687, 'Коксовый', 0, 1, NULL, NULL),
(1688, 'Константиновск', 0, 1, NULL, NULL),
(1689, 'Красный Сулин', 0, 1, NULL, NULL),
(1690, 'Куйбышево', 0, 1, NULL, NULL),
(1691, 'Матвеев Курган', 0, 1, NULL, NULL),
(1692, 'Мигулинская', 0, 1, NULL, NULL),
(1693, 'Миллерово', 0, 1, NULL, NULL),
(1694, 'Милютинская', 0, 1, NULL, NULL),
(1695, 'Морозовск', 0, 1, NULL, NULL),
(1696, 'Новочеркасск', 0, 1, NULL, NULL),
(1697, 'Новошахтинск', 0, 1, NULL, NULL),
(1698, 'Обливская', 0, 1, NULL, NULL),
(1699, 'Орловский', 0, 1, NULL, NULL),
(1700, 'Песчанокопское', 0, 1, NULL, NULL),
(1702, 'Пролетарск', 0, 1, NULL, NULL),
(1703, 'Ремонтное', 0, 1, NULL, NULL),
(1704, 'Родионово-Несветайская', 0, 1, NULL, NULL),
(1705, 'Ростов-на-Дону', 0, 1, NULL, NULL),
(1706, 'Сальск', 0, 1, NULL, NULL),
(1707, 'Семикаракорск', 0, 1, NULL, NULL),
(1708, 'Таганрог', 0, 1, NULL, NULL),
(1709, 'Тарасовский', 0, 1, NULL, NULL),
(1710, 'Тацинский', 0, 1, NULL, NULL),
(1711, 'Усть-Донецкий', 0, 1, NULL, NULL),
(1712, 'Целина', 0, 1, NULL, NULL),
(1713, 'Цимлянск', 0, 1, NULL, NULL),
(1714, 'Чалтырь', 0, 1, NULL, NULL),
(1715, 'Чертково', 0, 1, NULL, NULL),
(1716, 'Шахты', 0, 1, NULL, NULL),
(1717, 'Шолоховский', 0, 1, NULL, NULL),
(1718, 'Александро-Невский', 0, 1, NULL, NULL),
(1720, 'Гусь Железный', 0, 1, NULL, NULL),
(1721, 'Елатьма', 0, 1, NULL, NULL),
(1722, 'Ермишь', 0, 1, NULL, NULL),
(1723, 'Заречный (Рязанская обл.)', 0, 1, NULL, NULL),
(1724, 'Захарово', 0, 1, NULL, NULL),
(1725, 'Кадом', 0, 1, NULL, NULL),
(1726, 'Касимов', 0, 1, NULL, NULL),
(1727, 'Кораблино', 0, 1, NULL, NULL),
(1728, 'Милославское', 0, 1, NULL, NULL),
(1729, 'Михайлов', 0, 1, NULL, NULL),
(1730, 'Новомичуринск', 0, 1, NULL, NULL),
(1731, 'Пителино', 0, 1, NULL, NULL),
(1732, 'Пронск', 0, 1, NULL, NULL),
(1733, 'Путятино', 0, 1, NULL, NULL),
(1734, 'Рыбное', 0, 1, NULL, NULL),
(1735, 'Ряжск', 0, 1, NULL, NULL),
(1736, 'Рязань', 0, 1, NULL, NULL),
(1737, 'Сапожок', 0, 1, NULL, NULL),
(1738, 'Сараи', 0, 1, NULL, NULL),
(1739, 'Сасово', 0, 1, NULL, NULL),
(1740, 'Скопин', 0, 1, NULL, NULL),
(1741, 'Спас-Клепики', 0, 1, NULL, NULL),
(1742, 'Спасск-Рязанский', 0, 1, NULL, NULL),
(1743, 'Старожилово', 0, 1, NULL, NULL),
(1744, 'Ухолово', 0, 1, NULL, NULL),
(1745, 'Чучково', 0, 1, NULL, NULL),
(1746, 'Шацк', 0, 1, NULL, NULL),
(1747, 'Шилово', 0, 1, NULL, NULL),
(1748, 'Алексеевка (Самарская обл.)', 0, 1, NULL, NULL),
(1749, 'Безенчук', 0, 1, NULL, NULL),
(1750, 'Богатое', 0, 1, NULL, NULL),
(1751, 'Богатырь', 0, 1, NULL, NULL),
(1752, 'Большая Глушица', 0, 1, NULL, NULL),
(1753, 'Большая Глущица (Самарск.)', 0, 1, NULL, NULL),
(1754, 'Большая Черниговка', 0, 1, NULL, NULL),
(1755, 'Борское', 0, 1, NULL, NULL),
(1756, 'Волжский (Самарская обл.)', 0, 1, NULL, NULL),
(1757, 'Жигулевск', 0, 1, NULL, NULL),
(1758, 'Зольное', 0, 1, NULL, NULL),
(1759, 'Исаклы', 0, 1, NULL, NULL),
(1760, 'Камышла', 0, 1, NULL, NULL),
(1761, 'Кинель', 0, 1, NULL, NULL),
(1762, 'Кинель-Черкасы', 0, 1, NULL, NULL),
(1763, 'Клявлино', 0, 1, NULL, NULL),
(1764, 'Кошки', 0, 1, NULL, NULL),
(1765, 'Красноармейское (Самарск.)', 0, 1, NULL, NULL),
(1766, 'Красный Яр (Самарская обл.)', 0, 1, NULL, NULL),
(1767, 'Куйбышев', 0, 1, NULL, NULL),
(1768, 'Нефтегорск', 0, 1, NULL, NULL),
(1769, 'Новокуйбышевск', 0, 1, NULL, NULL),
(1770, 'Октябрьск', 0, 1, NULL, NULL),
(1771, 'Отрадный', 0, 1, NULL, NULL),
(1772, 'Пестравка', 0, 1, NULL, NULL),
(1773, 'Похвистнево', 0, 1, NULL, NULL),
(1774, 'Приволжье', 0, 1, NULL, NULL),
(1775, 'Самара', 0, 1, NULL, NULL),
(1776, 'Сергиевск', 0, 1, NULL, NULL),
(1777, 'Сургут (Самарская обл.)', 0, 1, NULL, NULL),
(1778, 'Сызрань', 0, 1, NULL, NULL),
(1779, 'Тольятти', 0, 1, NULL, NULL),
(1780, 'Хворостянка', 0, 1, NULL, NULL),
(1781, 'Чапаевск', 0, 1, NULL, NULL),
(1782, 'Челно-Вершины', 0, 1, NULL, NULL),
(1783, 'Шентала', 0, 1, NULL, NULL),
(1784, 'Шигоны', 0, 1, NULL, NULL),
(1785, 'Александров Гай', 0, 1, NULL, NULL),
(1786, 'Аркадак', 0, 1, NULL, NULL),
(1787, 'Аткарск', 0, 1, NULL, NULL),
(1788, 'Базарный Карабулак', 0, 1, NULL, NULL),
(1789, 'Балаково', 0, 1, NULL, NULL),
(1790, 'Балашов', 0, 1, NULL, NULL),
(1791, 'Балтай', 0, 1, NULL, NULL),
(1792, 'Возрождение', 0, 1, NULL, NULL),
(1793, 'Вольск', 0, 1, NULL, NULL),
(1794, 'Воскресенское (Саратовск.)', 0, 1, NULL, NULL),
(1796, 'Дергачи', 0, 1, NULL, NULL),
(1797, 'Духовницкое', 0, 1, NULL, NULL),
(1798, 'Екатериновка', 0, 1, NULL, NULL),
(1799, 'Ершов', 0, 1, NULL, NULL),
(1800, 'Ивантеевка (Саратовская обл.)', 0, 1, NULL, NULL),
(1801, 'Калининск', 0, 1, NULL, NULL),
(1802, 'Каменский', 0, 1, NULL, NULL),
(1803, 'Красноармейск (Саратовск.)', 0, 1, NULL, NULL),
(1804, 'Красный Кут', 0, 1, NULL, NULL),
(1805, 'Лысые Горы', 0, 1, NULL, NULL),
(1806, 'Маркс', 0, 1, NULL, NULL),
(1807, 'Мокроус', 0, 1, NULL, NULL),
(1808, 'Новоузенск', 0, 1, NULL, NULL),
(1809, 'Новые Бурасы', 0, 1, NULL, NULL),
(1810, 'Озинки', 0, 1, NULL, NULL),
(1811, 'Перелюб', 0, 1, NULL, NULL),
(1812, 'Петровск', 0, 1, NULL, NULL),
(1813, 'Питерка', 0, 1, NULL, NULL),
(1814, 'Пугачев', 0, 1, NULL, NULL),
(1815, 'Ровное', 0, 1, NULL, NULL),
(1816, 'Романовка', 0, 1, NULL, NULL),
(1817, 'Ртищево', 0, 1, NULL, NULL),
(1818, 'Самойловка', 0, 1, NULL, NULL),
(1819, 'Саратов', 0, 1, NULL, NULL),
(1820, 'Степное (Саратовская обл.)', 0, 1, NULL, NULL),
(1821, 'Татищево', 0, 1, NULL, NULL),
(1822, 'Турки', 0, 1, NULL, NULL),
(1823, 'Хвалынск', 0, 1, NULL, NULL),
(1824, 'Энгельс', 0, 1, NULL, NULL),
(1825, 'Абый', 0, 1, NULL, NULL),
(1826, 'Айхал', 0, 1, NULL, NULL),
(1827, 'Алдан', 0, 1, NULL, NULL),
(1828, 'Амга', 0, 1, NULL, NULL),
(1829, 'Батагай', 0, 1, NULL, NULL),
(1830, 'Бердигестях', 0, 1, NULL, NULL),
(1831, 'Беркакит', 0, 1, NULL, NULL),
(1832, 'Бестях', 0, 1, NULL, NULL),
(1833, 'Борогонцы', 0, 1, NULL, NULL),
(1834, 'Верхневилюйск', 0, 1, NULL, NULL),
(1835, 'Верхоянск', 0, 1, NULL, NULL),
(1836, 'Вилюйск', 0, 1, NULL, NULL),
(1837, 'Витим', 0, 1, NULL, NULL),
(1838, 'Власово', 0, 1, NULL, NULL),
(1839, 'Депутатский', 0, 1, NULL, NULL),
(1840, 'Жиганск', 0, 1, NULL, NULL),
(1841, 'Зырянка', 0, 1, NULL, NULL),
(1842, 'Кангалассы', 0, 1, NULL, NULL),
(1843, 'Ленск', 0, 1, NULL, NULL),
(1844, 'Майя', 0, 1, NULL, NULL),
(1845, 'Мирный (Саха)', 0, 1, NULL, NULL),
(1846, 'Нерюнгри', 0, 1, NULL, NULL),
(1847, 'Нижний Куранах', 0, 1, NULL, NULL),
(1848, 'Нюрба', 0, 1, NULL, NULL),
(1849, 'Олекминск', 0, 1, NULL, NULL),
(1850, 'Покровск', 0, 1, NULL, NULL),
(1851, 'Сангар', 0, 1, NULL, NULL),
(1852, 'Саскылах', 0, 1, NULL, NULL),
(1853, 'Солнечный', 0, 1, NULL, NULL),
(1854, 'Среднеколымск', 0, 1, NULL, NULL),
(1855, 'Сунтар', 0, 1, NULL, NULL),
(1856, 'Тикси', 0, 1, NULL, NULL),
(1857, 'Удачный', 0, 1, NULL, NULL),
(1858, 'Усть-Мая', 0, 1, NULL, NULL),
(1859, 'Усть-Нера', 0, 1, NULL, NULL),
(1860, 'Хандыга', 0, 1, NULL, NULL),
(1861, 'Хонуу', 0, 1, NULL, NULL),
(1862, 'Чернышевский', 0, 1, NULL, NULL),
(1863, 'Черский', 0, 1, NULL, NULL),
(1864, 'Чокурдах', 0, 1, NULL, NULL),
(1865, 'Чульман', 0, 1, NULL, NULL),
(1866, 'Чурапча', 0, 1, NULL, NULL),
(1867, 'Якутск', 0, 1, NULL, NULL),
(1868, 'Александровск-Сахалинский', 0, 1, NULL, NULL),
(1869, 'Анбэцу', 0, 1, NULL, NULL),
(1870, 'Анива', 0, 1, NULL, NULL),
(1871, 'Бошняково', 0, 1, NULL, NULL),
(1872, 'Быков', 0, 1, NULL, NULL),
(1873, 'Вахрушев', 0, 1, NULL, NULL),
(1874, 'Взморье', 0, 1, NULL, NULL),
(1875, 'Гастелло', 0, 1, NULL, NULL),
(1876, 'Горнозаводск (Сахалин)', 0, 1, NULL, NULL),
(1877, 'Долинск', 0, 1, NULL, NULL),
(1878, 'Ильинский (Сахалин)', 0, 1, NULL, NULL),
(1879, 'Катангли', 0, 1, NULL, NULL),
(1880, 'Корсаков', 0, 1, NULL, NULL),
(1881, 'Курильск', 0, 1, NULL, NULL),
(1882, 'Макаров', 0, 1, NULL, NULL),
(1883, 'Невельск', 0, 1, NULL, NULL),
(1884, 'Ноглики', 0, 1, NULL, NULL),
(1885, 'Оха', 0, 1, NULL, NULL),
(1886, 'Поронайск', 0, 1, NULL, NULL),
(1887, 'Северо-Курильск', 0, 1, NULL, NULL),
(1888, 'Смирных', 0, 1, NULL, NULL),
(1889, 'Томари', 0, 1, NULL, NULL),
(1890, 'Тымовское', 0, 1, NULL, NULL),
(1891, 'Углегорск', 0, 1, NULL, NULL),
(1892, 'Холмск', 0, 1, NULL, NULL),
(1893, 'Шахтерск', 0, 1, NULL, NULL),
(1894, 'Южно-Курильск', 0, 1, NULL, NULL),
(1895, 'Южно-Сахалинск', 0, 1, NULL, NULL),
(1896, 'Алапаевск', 0, 1, NULL, NULL),
(1897, 'Алтынай', 0, 1, NULL, NULL),
(1898, 'Арамиль', 0, 1, NULL, NULL),
(1899, 'Артемовский (Свердловская обл.)', 0, 1, NULL, NULL),
(1900, 'Арти', 0, 1, NULL, NULL),
(1901, 'Асбест', 0, 1, NULL, NULL),
(1902, 'Ачит', 0, 1, NULL, NULL),
(1903, 'Байкалово', 0, 1, NULL, NULL),
(1904, 'Басьяновский', 0, 1, NULL, NULL),
(1905, 'Белоярский (Свердловская обл.)', 0, 1, NULL, NULL),
(1906, 'Березовский (Свердловская обл.)', 0, 1, NULL, NULL),
(1907, 'Бисерть', 0, 1, NULL, NULL),
(1908, 'Богданович', 0, 1, NULL, NULL),
(1909, 'Буланаш', 0, 1, NULL, NULL),
(1910, 'Верхний Тагил', 0, 1, NULL, NULL),
(1911, 'Верхняя Пышма', 0, 1, NULL, NULL),
(1912, 'Верхняя Салда', 0, 1, NULL, NULL),
(1913, 'Верхняя Синячиха', 0, 1, NULL, NULL),
(1914, 'Верхняя Сысерть', 0, 1, NULL, NULL),
(1915, 'Верхняя Тура', 0, 1, NULL, NULL),
(1916, 'Верхотурье', 0, 1, NULL, NULL),
(1917, 'Висим', 0, 1, NULL, NULL),
(1918, 'Волчанск', 0, 1, NULL, NULL),
(1919, 'Гари', 0, 1, NULL, NULL),
(1920, 'Дегтярск', 0, 1, NULL, NULL),
(1921, 'Екатеринбург', 0, 1, NULL, NULL),
(1922, 'Ертарский', 0, 1, NULL, NULL),
(1923, 'Заводоуспенское', 0, 1, NULL, NULL),
(1924, 'Заречный', 0, 1, NULL, NULL),
(1925, 'Ивдель', 0, 1, NULL, NULL),
(1926, 'Изумруд', 0, 1, NULL, NULL),
(1927, 'Ирбит', 0, 1, NULL, NULL),
(1928, 'Ис', 0, 1, NULL, NULL),
(1929, 'Каменск-Уральский', 0, 1, NULL, NULL),
(1930, 'Камышлов', 0, 1, NULL, NULL),
(1931, 'Карпинск', 0, 1, NULL, NULL),
(1932, 'Качканар', 0, 1, NULL, NULL),
(1933, 'Кировград', 0, 1, NULL, NULL),
(1934, 'Краснотурьинск', 0, 1, NULL, NULL),
(1935, 'Красноуральск', 0, 1, NULL, NULL),
(1936, 'Красноуфимск', 0, 1, NULL, NULL),
(1937, 'Кушва', 0, 1, NULL, NULL),
(1938, 'Лесной', 0, 1, NULL, NULL),
(1939, 'Михайловск', 0, 1, NULL, NULL),
(1940, 'Невьянск', 0, 1, NULL, NULL),
(1941, 'Нижние Серги', 0, 1, NULL, NULL),
(1942, 'Нижний Тагил', 0, 1, NULL, NULL),
(1943, 'Нижняя Салда', 0, 1, NULL, NULL),
(1944, 'Нижняя Тура', 0, 1, NULL, NULL),
(1945, 'Новая Ляля', 0, 1, NULL, NULL),
(1946, 'Новоуральск', 0, 1, NULL, NULL),
(1947, 'Новоуральск (Свердловская обл.)', 0, 1, NULL, NULL),
(1948, 'Оус', 0, 1, NULL, NULL),
(1949, 'Первоуральск', 0, 1, NULL, NULL),
(1950, 'Полевской', 0, 1, NULL, NULL),
(1951, 'Пышма', 0, 1, NULL, NULL),
(1952, 'Ревда (Свердловская обл.)', 0, 1, NULL, NULL),
(1953, 'Реж', 0, 1, NULL, NULL),
(1954, 'Рефтинск', 0, 1, NULL, NULL),
(1955, 'Свердловск', 0, 1, NULL, NULL),
(1956, 'Североуральск', 0, 1, NULL, NULL),
(1957, 'Серов', 0, 1, NULL, NULL),
(1958, 'Сосьва', 0, 1, NULL, NULL),
(1959, 'Среднеуральск', 0, 1, NULL, NULL),
(1960, 'Сухой Лог', 0, 1, NULL, NULL),
(1961, 'Сысерть', 0, 1, NULL, NULL),
(1962, 'Таборы', 0, 1, NULL, NULL),
(1963, 'Тавда', 0, 1, NULL, NULL),
(1964, 'Талица', 0, 1, NULL, NULL),
(1965, 'Тугулым', 0, 1, NULL, NULL),
(1966, 'Туринск', 0, 1, NULL, NULL),
(1967, 'Туринская Слобода', 0, 1, NULL, NULL),
(1968, 'Алагир', 0, 1, NULL, NULL),
(1969, 'Ардон', 0, 1, NULL, NULL),
(1970, 'Беслан', 0, 1, NULL, NULL),
(1971, 'Бурон', 0, 1, NULL, NULL),
(1972, 'Владикавказ', 0, 1, NULL, NULL),
(1973, 'Дигора', 0, 1, NULL, NULL),
(1974, 'Моздок', 0, 1, NULL, NULL),
(1975, 'Орджоникидзе', 0, 1, NULL, NULL),
(1976, 'Чикола', 0, 1, NULL, NULL),
(1977, 'Велиж', 0, 1, NULL, NULL),
(1978, 'Верхнеднепровский', 0, 1, NULL, NULL),
(1979, 'Ворга', 0, 1, NULL, NULL),
(1980, 'Вязьма', 0, 1, NULL, NULL),
(1981, 'Гагарин', 0, 1, NULL, NULL),
(1982, 'Глинка', 0, 1, NULL, NULL),
(1983, 'Голынки', 0, 1, NULL, NULL),
(1984, 'Демидов', 0, 1, NULL, NULL),
(1985, 'Десногорск', 0, 1, NULL, NULL),
(1986, 'Дорогобуж', 0, 1, NULL, NULL),
(1987, 'Духовщина', 0, 1, NULL, NULL),
(1988, 'Ельня', 0, 1, NULL, NULL),
(1989, 'Ершичи', 0, 1, NULL, NULL),
(1990, 'Издешково', 0, 1, NULL, NULL),
(1991, 'Кардымово', 0, 1, NULL, NULL),
(1992, 'Красный', 0, 1, NULL, NULL),
(1993, 'Монастырщина', 0, 1, NULL, NULL),
(1994, 'Новодугино', 0, 1, NULL, NULL),
(1995, 'Починок', 0, 1, NULL, NULL),
(1996, 'Рославль', 0, 1, NULL, NULL),
(1997, 'Рудня', 0, 1, NULL, NULL),
(1998, 'Сафоново', 0, 1, NULL, NULL),
(1999, 'Смоленск', 0, 1, NULL, NULL),
(2000, 'Сычевка', 0, 1, NULL, NULL),
(2001, 'Угра', 0, 1, NULL, NULL),
(2002, 'Хиславичи', 0, 1, NULL, NULL),
(2003, 'Холм-Жирковский', 0, 1, NULL, NULL),
(2004, 'Шумячи', 0, 1, NULL, NULL),
(2005, 'Ярцево', 0, 1, NULL, NULL),
(2006, 'Александровское (Ставрополь.)', 0, 1, NULL, NULL),
(2007, 'Арзгир', 0, 1, NULL, NULL),
(2008, 'Благодарный', 0, 1, NULL, NULL),
(2009, 'Буденновск', 0, 1, NULL, NULL),
(2010, 'Георгиевск', 0, 1, NULL, NULL),
(2011, 'Дивное (Ставропольский край)', 0, 1, NULL, NULL),
(2012, 'Домбай', 0, 1, NULL, NULL),
(2013, 'Донское', 0, 1, NULL, NULL),
(2014, 'Ессентуки', 0, 1, NULL, NULL),
(2015, 'Железноводск(Ставропольский)', 0, 1, NULL, NULL),
(2016, 'Зеленокумск', 0, 1, NULL, NULL),
(2017, 'Изобильный', 0, 1, NULL, NULL),
(2018, 'Иноземцево', 0, 1, NULL, NULL),
(2019, 'Ипатово', 0, 1, NULL, NULL),
(2020, 'Карачаевск', 0, 1, NULL, NULL),
(2021, 'Кисловодск', 0, 1, NULL, NULL),
(2022, 'Кочубеевское', 0, 1, NULL, NULL),
(2023, 'Красногвардейское (Ставрополь.)', 0, 1, NULL, NULL),
(2024, 'Курсавка', 0, 1, NULL, NULL),
(2025, 'Левокумское', 0, 1, NULL, NULL),
(2026, 'Лермонтов', 0, 1, NULL, NULL),
(2027, 'Минеральные Воды', 0, 1, NULL, NULL),
(2029, 'Невинномысск', 0, 1, NULL, NULL),
(2030, 'Нефтекумск', 0, 1, NULL, NULL),
(2031, 'Новоалександровск', 0, 1, NULL, NULL),
(2032, 'Новоалександровская', 0, 1, NULL, NULL),
(2033, 'Новопавловск', 0, 1, NULL, NULL),
(2034, 'Новоселицкое', 0, 1, NULL, NULL),
(2035, 'Преградная', 0, 1, NULL, NULL),
(2036, 'Пятигорск', 0, 1, NULL, NULL),
(2037, 'Светлоград', 0, 1, NULL, NULL),
(2038, 'Солнечнодольск', 0, 1, NULL, NULL),
(2039, 'Ставрополь', 0, 1, NULL, NULL),
(2040, 'Степное (Ставропольский край)', 0, 1, NULL, NULL),
(2041, 'Теберда', 0, 1, NULL, NULL),
(2042, 'Усть-Джегута', 0, 1, NULL, NULL),
(2043, 'Хабез', 0, 1, NULL, NULL),
(2044, 'Черкесск', 0, 1, NULL, NULL),
(2045, 'Бондари', 0, 1, NULL, NULL),
(2046, 'Гавриловка Вторая', 0, 1, NULL, NULL),
(2047, 'Жердевка', 0, 1, NULL, NULL),
(2048, 'Знаменка', 0, 1, NULL, NULL),
(2049, 'Инжавино', 0, 1, NULL, NULL),
(2050, 'Кирсанов', 0, 1, NULL, NULL),
(2051, 'Котовск', 0, 1, NULL, NULL),
(2052, 'Мичуринск', 0, 1, NULL, NULL),
(2053, 'Мордово', 0, 1, NULL, NULL),
(2054, 'Моршанск', 0, 1, NULL, NULL),
(2055, 'Мучкапский', 0, 1, NULL, NULL),
(2056, 'Первомайский (Тамбовская обл.)', 0, 1, NULL, NULL),
(2057, 'Петровское', 0, 1, NULL, NULL),
(2058, 'Пичаево', 0, 1, NULL, NULL),
(2059, 'Рассказово', 0, 1, NULL, NULL),
(2060, 'Ржакса', 0, 1, NULL, NULL),
(2061, 'Сосновка', 0, 1, NULL, NULL),
(2062, 'Староюрьево', 0, 1, NULL, NULL),
(2063, 'Тамбов', 0, 1, NULL, NULL),
(2064, 'Токаревка', 0, 1, NULL, NULL),
(2065, 'Уварово', 0, 1, NULL, NULL),
(2066, 'Умет', 0, 1, NULL, NULL),
(2067, 'Агрыз', 0, 1, NULL, NULL),
(2068, 'Азнакаево', 0, 1, NULL, NULL),
(2069, 'Аксубаево', 0, 1, NULL, NULL),
(2070, 'Актаныш', 0, 1, NULL, NULL),
(2071, 'Актюбинский', 0, 1, NULL, NULL),
(2072, 'Алексеевское', 0, 1, NULL, NULL),
(2073, 'Альметьевск', 0, 1, NULL, NULL),
(2074, 'Апастово', 0, 1, NULL, NULL),
(2075, 'Арск', 0, 1, NULL, NULL),
(2076, 'Бавлы', 0, 1, NULL, NULL),
(2077, 'Базарные Матаки', 0, 1, NULL, NULL),
(2078, 'Балтаси', 0, 1, NULL, NULL),
(2079, 'Богатые Сабы', 0, 1, NULL, NULL),
(2080, 'Брежнев', 0, 1, NULL, NULL),
(2081, 'Бугульма', 0, 1, NULL, NULL),
(2082, 'Буинск', 0, 1, NULL, NULL),
(2083, 'Васильево', 0, 1, NULL, NULL),
(2084, 'Верхний Услон', 0, 1, NULL, NULL),
(2085, 'Высокая Гора', 0, 1, NULL, NULL),
(2086, 'Дербешкинский', 0, 1, NULL, NULL),
(2087, 'Елабуга', 0, 1, NULL, NULL),
(2088, 'Заинск', 0, 1, NULL, NULL),
(2089, 'Зеленодольск', 0, 1, NULL, NULL),
(2090, 'Казань', 0, 1, NULL, NULL),
(2091, 'Камское Устье', 0, 1, NULL, NULL),
(2092, 'Карабаш (Татарстан)', 0, 1, NULL, NULL),
(2093, 'Куйбышев (Татарстан)', 0, 1, NULL, NULL),
(2094, 'Кукмод', 0, 1, NULL, NULL),
(2095, 'Кукмор', 0, 1, NULL, NULL),
(2096, 'Лаишево', 0, 1, NULL, NULL),
(2097, 'Лениногорск', 0, 1, NULL, NULL),
(2098, 'Мамадыш', 0, 1, NULL, NULL),
(2099, 'Менделеевск', 0, 1, NULL, NULL),
(2100, 'Мензелинск', 0, 1, NULL, NULL),
(2101, 'Муслюмово', 0, 1, NULL, NULL),
(2102, 'Набережные Челны', 0, 1, NULL, NULL),
(2103, 'Нижнекамск', 0, 1, NULL, NULL),
(2104, 'Новошешминск', 0, 1, NULL, NULL),
(2105, 'Нурлат', 0, 1, NULL, NULL),
(2106, 'Пестрецы', 0, 1, NULL, NULL),
(2107, 'Рыбная Слобода', 0, 1, NULL, NULL),
(2108, 'Сарманово', 0, 1, NULL, NULL),
(2109, 'Старое Дрожжаное', 0, 1, NULL, NULL),
(2110, 'Тетюши', 0, 1, NULL, NULL),
(2111, 'Черемшан', 0, 1, NULL, NULL),
(2112, 'Чистополь', 0, 1, NULL, NULL),
(2113, 'Андреаполь', 0, 1, NULL, NULL),
(2114, 'Бежецк', 0, 1, NULL, NULL),
(2115, 'Белый', 0, 1, NULL, NULL),
(2116, 'Белый Городок', 0, 1, NULL, NULL),
(2117, 'Березайка', 0, 1, NULL, NULL),
(2118, 'Бологое', 0, 1, NULL, NULL),
(2119, 'Васильевский Мох', 0, 1, NULL, NULL),
(2120, 'Весьегонск', 0, 1, NULL, NULL),
(2121, 'Выползово', 0, 1, NULL, NULL),
(2122, 'Вышний Волочек', 0, 1, NULL, NULL),
(2123, 'Жарковский', 0, 1, NULL, NULL),
(2124, 'Западная Двина', 0, 1, NULL, NULL),
(2125, 'Зубцов', 0, 1, NULL, NULL),
(2126, 'Изоплит', 0, 1, NULL, NULL),
(2127, 'Калашниково', 0, 1, NULL, NULL),
(2128, 'Калинин', 0, 1, NULL, NULL),
(2129, 'Калязин', 0, 1, NULL, NULL),
(2130, 'Кашин', 0, 1, NULL, NULL),
(2131, 'Кесова Гора', 0, 1, NULL, NULL),
(2132, 'Кимры', 0, 1, NULL, NULL),
(2133, 'Конаково', 0, 1, NULL, NULL),
(2134, 'Красный Холм', 0, 1, NULL, NULL),
(2135, 'Кувшиново', 0, 1, NULL, NULL),
(2136, 'Лесное', 0, 1, NULL, NULL),
(2137, 'Лихославль', 0, 1, NULL, NULL),
(2138, 'Максатиха', 0, 1, NULL, NULL),
(2139, 'Молоково', 0, 1, NULL, NULL),
(2140, 'Нелидово', 0, 1, NULL, NULL),
(2141, 'Оленино', 0, 1, NULL, NULL),
(2142, 'Осташков', 0, 1, NULL, NULL),
(2143, 'Пено', 0, 1, NULL, NULL),
(2144, 'Рамешки', 0, 1, NULL, NULL),
(2145, 'Ржев', 0, 1, NULL, NULL),
(2146, 'Сандово', 0, 1, NULL, NULL),
(2147, 'Селижарово', 0, 1, NULL, NULL),
(2148, 'Сонково', 0, 1, NULL, NULL),
(2149, 'Спирово', 0, 1, NULL, NULL),
(2150, 'Старица', 0, 1, NULL, NULL),
(2151, 'Тверь', 0, 1, NULL, NULL),
(2152, 'Торжок', 0, 1, NULL, NULL),
(2153, 'Торопец', 0, 1, NULL, NULL),
(2154, 'Удомля', 0, 1, NULL, NULL),
(2155, 'Фирово', 0, 1, NULL, NULL),
(2156, 'Александровское (Томская обл.)', 0, 1, NULL, NULL),
(2157, 'Асино', 0, 1, NULL, NULL),
(2158, 'Бакчар', 0, 1, NULL, NULL),
(2159, 'Батурино', 0, 1, NULL, NULL),
(2160, 'Белый Яр', 0, 1, NULL, NULL),
(2161, 'Зырянское', 0, 1, NULL, NULL),
(2162, 'Итатка', 0, 1, NULL, NULL),
(2163, 'Каргасок', 0, 1, NULL, NULL),
(2164, 'Катайга', 0, 1, NULL, NULL),
(2165, 'Кожевниково', 0, 1, NULL, NULL),
(2166, 'Колпашево', 0, 1, NULL, NULL),
(2167, 'Кривошеино', 0, 1, NULL, NULL),
(2168, 'Мельниково', 0, 1, NULL, NULL),
(2169, 'Молчаново', 0, 1, NULL, NULL),
(2170, 'Парабель', 0, 1, NULL, NULL),
(2171, 'Первомайское', 0, 1, NULL, NULL),
(2172, 'Подгорное', 0, 1, NULL, NULL),
(2173, 'Северск', 0, 1, NULL, NULL),
(2174, 'Стрежевой', 0, 1, NULL, NULL),
(2175, 'Томск', 0, 1, NULL, NULL),
(2176, 'Тымск', 0, 1, NULL, NULL),
(2177, 'Ак-Довурак', 0, 1, NULL, NULL),
(2178, 'Бай Хаак', 0, 1, NULL, NULL),
(2179, 'Кызыл', 0, 1, NULL, NULL),
(2180, 'Самагалтай', 0, 1, NULL, NULL),
(2181, 'Сарыг-Сеп', 0, 1, NULL, NULL),
(2182, 'Суть-Холь', 0, 1, NULL, NULL),
(2183, 'Тоора-Хем', 0, 1, NULL, NULL),
(2184, 'Туран', 0, 1, NULL, NULL),
(2185, 'Тээли', 0, 1, NULL, NULL),
(2186, 'Хову-Аксы', 0, 1, NULL, NULL),
(2187, 'Чадан', 0, 1, NULL, NULL),
(2188, 'Шагонар', 0, 1, NULL, NULL),
(2189, 'Эрзин', 0, 1, NULL, NULL),
(2190, 'Агеево', 0, 1, NULL, NULL),
(2191, 'Алексин', 0, 1, NULL, NULL),
(2192, 'Арсеньево', 0, 1, NULL, NULL),
(2193, 'Барсуки', 0, 1, NULL, NULL),
(2194, 'Белев', 0, 1, NULL, NULL),
(2195, 'Богородицк', 0, 1, NULL, NULL),
(2196, 'Болохово', 0, 1, NULL, NULL),
(2197, 'Велегож', 0, 1, NULL, NULL),
(2198, 'Венев', 0, 1, NULL, NULL),
(2199, 'Волово', 0, 1, NULL, NULL),
(2200, 'Горелки', 0, 1, NULL, NULL),
(2201, 'Донской', 0, 1, NULL, NULL),
(2202, 'Дубна (Тульская обл.)', 0, 1, NULL, NULL),
(2203, 'Епифань', 0, 1, NULL, NULL),
(2204, 'Ефремов', 0, 1, NULL, NULL),
(2205, 'Заокский', 0, 1, NULL, NULL),
(2206, 'Казановка', 0, 1, NULL, NULL),
(2207, 'Кимовск', 0, 1, NULL, NULL),
(2208, 'Киреевск', 0, 1, NULL, NULL),
(2209, 'Куркино', 0, 1, NULL, NULL),
(2210, 'Ленинский', 0, 1, NULL, NULL),
(2211, 'Лянтор', 0, 1, NULL, NULL),
(2212, 'Новомосковск', 0, 1, NULL, NULL),
(2213, 'Одоев', 0, 1, NULL, NULL),
(2214, 'Плавск', 0, 1, NULL, NULL),
(2215, 'Советск (Тульская обл.)', 0, 1, NULL, NULL),
(2216, 'Суворов', 0, 1, NULL, NULL),
(2217, 'Тула', 0, 1, NULL, NULL),
(2218, 'Узловая', 0, 1, NULL, NULL),
(2219, 'Щекино', 0, 1, NULL, NULL),
(2220, 'Ясногорск', 0, 1, NULL, NULL),
(2221, 'Абатский', 0, 1, NULL, NULL),
(2222, 'Аган', 0, 1, NULL, NULL),
(2223, 'Аксарка', 0, 1, NULL, NULL),
(2224, 'Армизонское', 0, 1, NULL, NULL),
(2225, 'Аромашево', 0, 1, NULL, NULL),
(2226, 'Белоярский (Тюменская обл.)', 0, 1, NULL, NULL),
(2227, 'Бердюжье', 0, 1, NULL, NULL),
(2228, 'Березово', 0, 1, NULL, NULL),
(2229, 'Большое Сорокино', 0, 1, NULL, NULL),
(2230, 'Вагай', 0, 1, NULL, NULL),
(2231, 'Викулово', 0, 1, NULL, NULL),
(2232, 'Винзили', 0, 1, NULL, NULL),
(2233, 'Голышманово', 0, 1, NULL, NULL),
(2234, 'Губкинский (Тюменская обл.)', 0, 1, NULL, NULL),
(2235, 'Заводопетровский', 0, 1, NULL, NULL),
(2236, 'Заводоуковск', 0, 1, NULL, NULL),
(2237, 'Игрим', 0, 1, NULL, NULL),
(2238, 'Излучинск', 0, 1, NULL, NULL),
(2239, 'Исетское', 0, 1, NULL, NULL),
(2240, 'Ишим', 0, 1, NULL, NULL),
(2241, 'Казанское', 0, 1, NULL, NULL),
(2242, 'Казым-Мыс', 0, 1, NULL, NULL),
(2243, 'Когалым (Тюменская обл.)', 0, 1, NULL, NULL),
(2244, 'Кондинское', 0, 1, NULL, NULL),
(2245, 'Красноселькуп', 0, 1, NULL, NULL),
(2246, 'Лабытнанги', 0, 1, NULL, NULL),
(2247, 'Лангепас', 0, 1, NULL, NULL),
(2248, 'Ларьяк', 0, 1, NULL, NULL),
(2249, 'Лянторский', 0, 1, NULL, NULL),
(2250, 'Мегион', 0, 1, NULL, NULL),
(2251, 'Междуреченский', 0, 1, NULL, NULL),
(2252, 'Мужи', 0, 1, NULL, NULL),
(2253, 'Муравленко (Тюменская обл.)', 0, 1, NULL, NULL),
(2254, 'Надым (Тюменская обл.)', 0, 1, NULL, NULL),
(2255, 'Находка (Тюменская обл.)', 0, 1, NULL, NULL),
(2256, 'Нефтеюганск', 0, 1, NULL, NULL),
(2257, 'Нижневартовск', 0, 1, NULL, NULL),
(2258, 'Нижняя Тавда', 0, 1, NULL, NULL),
(2259, 'Новоаганск', 0, 1, NULL, NULL),
(2260, 'Новый Уренгой (Тюменская обл.)', 0, 1, NULL, NULL),
(2261, 'Ноябрьск (Тюменская обл.)', 0, 1, NULL, NULL),
(2262, 'Нягань', 0, 1, NULL, NULL),
(2263, 'Октябрьское (Тюменская обл.)', 0, 1, NULL, NULL),
(2264, 'Омутинский', 0, 1, NULL, NULL),
(2265, 'Покачи (Тюменская обл.)', 0, 1, NULL, NULL),
(2266, 'Приобье', 0, 1, NULL, NULL),
(2267, 'Пыть-Ях', 0, 1, NULL, NULL),
(2268, 'Радужный (Ханты-Мансийский АО)', 0, 1, NULL, NULL),
(2269, 'Салехард', 0, 1, NULL, NULL),
(2270, 'Сладково', 0, 1, NULL, NULL),
(2271, 'Советский (Тюменская обл.)', 0, 1, NULL, NULL),
(2272, 'Сургут', 0, 1, NULL, NULL),
(2273, 'Тазовский', 0, 1, NULL, NULL),
(2274, 'Тобольск', 0, 1, NULL, NULL),
(2275, 'Тюмень', 0, 1, NULL, NULL),
(2276, 'Уват', 0, 1, NULL, NULL),
(2277, 'Унъюган', 0, 1, NULL, NULL),
(2278, 'Упорово', 0, 1, NULL, NULL),
(2279, 'Урай', 0, 1, NULL, NULL),
(2280, 'Ханты-Мансийск', 0, 1, NULL, NULL),
(2281, 'Югорск', 0, 1, NULL, NULL),
(2282, 'Юрибей', 0, 1, NULL, NULL),
(2283, 'Ялуторовск', 0, 1, NULL, NULL),
(2284, 'Яр-Сале', 0, 1, NULL, NULL),
(2285, 'Ярково', 0, 1, NULL, NULL),
(2286, 'Алнаши', 0, 1, NULL, NULL),
(2287, 'Балезино', 0, 1, NULL, NULL),
(2288, 'Вавож', 0, 1, NULL, NULL),
(2289, 'Воткинск', 0, 1, NULL, NULL),
(2290, 'Глазов', 0, 1, NULL, NULL),
(2291, 'Грахово', 0, 1, NULL, NULL),
(2292, 'Дебесы', 0, 1, NULL, NULL),
(2294, 'Игра', 0, 1, NULL, NULL),
(2295, 'Ижевск', 0, 1, NULL, NULL),
(2296, 'Кама', 0, 1, NULL, NULL),
(2297, 'Камбарка', 0, 1, NULL, NULL),
(2298, 'Каракулино', 0, 1, NULL, NULL),
(2299, 'Кез', 0, 1, NULL, NULL),
(2300, 'Кизнер', 0, 1, NULL, NULL),
(2301, 'Киясово', 0, 1, NULL, NULL),
(2302, 'Красногорское (Удмуртия)', 0, 1, NULL, NULL),
(2303, 'Можга', 0, 1, NULL, NULL),
(2304, 'Сарапул', 0, 1, NULL, NULL),
(2305, 'Селты', 0, 1, NULL, NULL),
(2306, 'Сюмси', 0, 1, NULL, NULL),
(2307, 'Ува', 0, 1, NULL, NULL),
(2308, 'Устинов', 0, 1, NULL, NULL),
(2309, 'Шаркан', 0, 1, NULL, NULL),
(2310, 'Юкаменское', 0, 1, NULL, NULL),
(2311, 'Якшур-Бодья', 0, 1, NULL, NULL),
(2312, 'Яр', 0, 1, NULL, NULL),
(2313, 'Базарный Сызган', 0, 1, NULL, NULL),
(2314, 'Барыш', 0, 1, NULL, NULL),
(2315, 'Большое Нагаткино', 0, 1, NULL, NULL),
(2316, 'Вешкайма', 0, 1, NULL, NULL),
(2317, 'Глотовка', 0, 1, NULL, NULL),
(2318, 'Димитровград', 0, 1, NULL, NULL),
(2319, 'Игнатовка', 0, 1, NULL, NULL),
(2320, 'Измайлово', 0, 1, NULL, NULL),
(2321, 'Инза', 0, 1, NULL, NULL),
(2322, 'Ишеевка', 0, 1, NULL, NULL),
(2323, 'Канадей', 0, 1, NULL, NULL),
(2324, 'Карсун', 0, 1, NULL, NULL),
(2325, 'Кузоватово', 0, 1, NULL, NULL),
(2326, 'Майна', 0, 1, NULL, NULL),
(2327, 'Новая Малыкла', 0, 1, NULL, NULL),
(2328, 'Новоспасское', 0, 1, NULL, NULL),
(2329, 'Новоульяновск', 0, 1, NULL, NULL),
(2330, 'Павловка', 0, 1, NULL, NULL),
(2331, 'Радищево', 0, 1, NULL, NULL),
(2332, 'Сенгилей', 0, 1, NULL, NULL),
(2333, 'Старая Кулатка', 0, 1, NULL, NULL),
(2334, 'Старая Майна', 0, 1, NULL, NULL),
(2335, 'Сурское', 0, 1, NULL, NULL),
(2336, 'Тереньга', 0, 1, NULL, NULL),
(2337, 'Ульяновск', 0, 1, NULL, NULL),
(2338, 'Чердаклы', 0, 1, NULL, NULL),
(2339, 'Аксай (Уральская обл.)', 0, 1, NULL, NULL),
(2340, 'Дарьинское', 0, 1, NULL, NULL),
(2341, 'Деркул', 0, 1, NULL, NULL),
(2342, 'Джамбейты', 0, 1, NULL, NULL),
(2343, 'Переметное', 0, 1, NULL, NULL),
(2344, 'Уральск', 0, 1, NULL, NULL),
(2345, 'Федоровка (Уральская обл.)', 0, 1, NULL, NULL),
(2346, 'Фурманово', 0, 1, NULL, NULL),
(2347, 'Чапаев', 0, 1, NULL, NULL),
(2348, 'Амурск', 0, 1, NULL, NULL),
(2349, 'Аян', 0, 1, NULL, NULL),
(2350, 'Березовый', 0, 1, NULL, NULL),
(2351, 'Бикин', 0, 1, NULL, NULL),
(2352, 'Бира', 0, 1, NULL, NULL),
(2353, 'Биракан', 0, 1, NULL, NULL),
(2354, 'Богородское (Хабаровский край)', 0, 1, NULL, NULL),
(2355, 'Ванино', 0, 1, NULL, NULL),
(2356, 'Волочаевка Вторая', 0, 1, NULL, NULL),
(2357, 'Высокогорный', 0, 1, NULL, NULL),
(2358, 'Вяземский', 0, 1, NULL, NULL),
(2359, 'Горный', 0, 1, NULL, NULL),
(2360, 'Гурское', 0, 1, NULL, NULL),
(2361, 'Дормидонтовка', 0, 1, NULL, NULL),
(2362, 'Заветы Ильича', 0, 1, NULL, NULL),
(2363, 'Известковый', 0, 1, NULL, NULL),
(2364, 'Иннокентьевка', 0, 1, NULL, NULL),
(2365, 'Комсомольск-на-Амуре', 0, 1, NULL, NULL),
(2367, 'Нелькан', 0, 1, NULL, NULL),
(2368, 'Николаевск-на-Амуре', 0, 1, NULL, NULL),
(2369, 'Облучье', 0, 1, NULL, NULL),
(2370, 'Охотск', 0, 1, NULL, NULL),
(2371, 'Переяславка', 0, 1, NULL, NULL),
(2372, 'Смидович', 0, 1, NULL, NULL),
(2373, 'Советская Гавань', 0, 1, NULL, NULL),
(2374, 'Софийск', 0, 1, NULL, NULL),
(2375, 'Троицкое', 0, 1, NULL, NULL),
(2376, 'Тугур', 0, 1, NULL, NULL),
(2377, 'Хабаровск', 0, 1, NULL, NULL),
(2378, 'Чегдомын', 0, 1, NULL, NULL),
(2379, 'Чумикан', 0, 1, NULL, NULL),
(2380, 'Абакан', 0, 1, NULL, NULL),
(2381, 'Саяногорск', 0, 1, NULL, NULL),
(2382, 'Черногорск', 0, 1, NULL, NULL),
(2383, 'Агаповка', 0, 1, NULL, NULL),
(2384, 'Аргаяш', 0, 1, NULL, NULL),
(2385, 'Аша', 0, 1, NULL, NULL),
(2386, 'Бакал', 0, 1, NULL, NULL),
(2387, 'Бреды', 0, 1, NULL, NULL),
(2388, 'Варна', 0, 1, NULL, NULL),
(2389, 'Верхнеуральск', 0, 1, NULL, NULL),
(2390, 'Верхний Уфалей', 0, 1, NULL, NULL),
(2391, 'Еманжелинск', 0, 1, NULL, NULL),
(2392, 'Златоуст', 0, 1, NULL, NULL),
(2393, 'Карабаш', 0, 1, NULL, NULL),
(2394, 'Карталы', 0, 1, NULL, NULL),
(2395, 'Касли', 0, 1, NULL, NULL),
(2396, 'Катав-Ивановск', 0, 1, NULL, NULL),
(2397, 'Копейск', 0, 1, NULL, NULL),
(2398, 'Коркино', 0, 1, NULL, NULL),
(2399, 'Красногорский', 0, 1, NULL, NULL),
(2400, 'Кунашак', 0, 1, NULL, NULL),
(2401, 'Куса', 0, 1, NULL, NULL),
(2402, 'Кыштым', 0, 1, NULL, NULL),
(2403, 'Магнитогорск', 0, 1, NULL, NULL),
(2404, 'Миасс', 0, 1, NULL, NULL),
(2405, 'Миньяр', 0, 1, NULL, NULL),
(2406, 'Озерск(Челябинская обл.)', 0, 1, NULL, NULL),
(2407, 'Октябрьское (Челябинская обл.)', 0, 1, NULL, NULL),
(2408, 'Пласт', 0, 1, NULL, NULL),
(2409, 'Сатка', 0, 1, NULL, NULL),
(2410, 'Сим', 0, 1, NULL, NULL),
(2411, 'Снежинск (Челябинская обл.)', 0, 1, NULL, NULL),
(2412, 'Трехгорный', 0, 1, NULL, NULL),
(2414, 'Увельский', 0, 1, NULL, NULL),
(2415, 'Уйское', 0, 1, NULL, NULL),
(2416, 'Усть-Катав', 0, 1, NULL, NULL),
(2417, 'Фершампенуаз', 0, 1, NULL, NULL),
(2418, 'Чебаркуль', 0, 1, NULL, NULL),
(2419, 'Челябинск', 0, 1, NULL, NULL),
(2420, 'Чесма', 0, 1, NULL, NULL),
(2421, 'Южно-Уральск', 0, 1, NULL, NULL),
(2422, 'Юрюзань', 0, 1, NULL, NULL),
(2423, 'Аргун', 0, 1, NULL, NULL),
(2424, 'Грозный', 0, 1, NULL, NULL),
(2425, 'Гудермес', 0, 1, NULL, NULL),
(2426, 'Знаменское', 0, 1, NULL, NULL),
(2427, 'Малгобек', 0, 1, NULL, NULL),
(2428, 'Назрань', 0, 1, NULL, NULL),
(2429, 'Наурская', 0, 1, NULL, NULL),
(2430, 'Ножай-Юрт', 0, 1, NULL, NULL),
(2431, 'Орджоникидзевская', 0, 1, NULL, NULL),
(2432, 'Советское (Чечено-Ингушетия)', 0, 1, NULL, NULL),
(2433, 'Урус-Мартан', 0, 1, NULL, NULL),
(2434, 'Шали', 0, 1, NULL, NULL),
(2436, 'Аксеново-Зиловское', 0, 1, NULL, NULL),
(2437, 'Акша', 0, 1, NULL, NULL),
(2438, 'Арбагар', 0, 1, NULL, NULL),
(2439, 'Атамановка', 0, 1, NULL, NULL),
(2440, 'Балей', 0, 1, NULL, NULL),
(2441, 'Борзя', 0, 1, NULL, NULL),
(2442, 'Букачача', 0, 1, NULL, NULL),
(2443, 'Газимурский Завод', 0, 1, NULL, NULL),
(2444, 'Давенда', 0, 1, NULL, NULL),
(2445, 'Дарасун', 0, 1, NULL, NULL),
(2446, 'Домна', 0, 1, NULL, NULL),
(2447, 'Дровяная', 0, 1, NULL, NULL),
(2448, 'Дульдурга', 0, 1, NULL, NULL),
(2449, 'Забайкальск', 0, 1, NULL, NULL),
(2450, 'Карымское', 0, 1, NULL, NULL),
(2451, 'Ключевский', 0, 1, NULL, NULL),
(2452, 'Кокуй', 0, 1, NULL, NULL),
(2453, 'Краснокаменск', 0, 1, NULL, NULL),
(2454, 'Красный Чикой', 0, 1, NULL, NULL),
(2455, 'Кыра', 0, 1, NULL, NULL),
(2456, 'Моготуй', 0, 1, NULL, NULL),
(2457, 'Могоча', 0, 1, NULL, NULL),
(2458, 'Нерчинск', 0, 1, NULL, NULL),
(2459, 'Нерчинский Завод', 0, 1, NULL, NULL),
(2460, 'Нижний Цасучей', 0, 1, NULL, NULL),
(2461, 'Оловянная', 0, 1, NULL, NULL),
(2462, 'Первомайский (Читинская обл.)', 0, 1, NULL, NULL),
(2463, 'Петровск-Забайкальский', 0, 1, NULL, NULL),
(2464, 'Приаргунск', 0, 1, NULL, NULL),
(2465, 'Сретенск', 0, 1, NULL, NULL),
(2466, 'Тупик', 0, 1, NULL, NULL),
(2467, 'Улеты', 0, 1, NULL, NULL),
(2468, 'Хилок', 0, 1, NULL, NULL),
(2469, 'Чара', 0, 1, NULL, NULL),
(2470, 'Чернышевск', 0, 1, NULL, NULL),
(2471, 'Чита', 0, 1, NULL, NULL),
(2472, 'Шелопугино', 0, 1, NULL, NULL),
(2473, 'Шилка', 0, 1, NULL, NULL),
(2474, 'Алатырь', 0, 1, NULL, NULL),
(2475, 'Аликово', 0, 1, NULL, NULL),
(2476, 'Батырева', 0, 1, NULL, NULL),
(2478, 'Вурнары', 0, 1, NULL, NULL),
(2479, 'Ибреси', 0, 1, NULL, NULL),
(2480, 'Канаш', 0, 1, NULL, NULL),
(2481, 'Киря', 0, 1, NULL, NULL),
(2482, 'Комсомольское', 0, 1, NULL, NULL),
(2483, 'Красноармейское (Чувашия)', 0, 1, NULL, NULL),
(2484, 'Красные Четаи', 0, 1, NULL, NULL),
(2485, 'Кугеси', 0, 1, NULL, NULL),
(2486, 'Мариинский Посад', 0, 1, NULL, NULL),
(2487, 'Моргауши', 0, 1, NULL, NULL),
(2488, 'Новочебоксарск', 0, 1, NULL, NULL),
(2489, 'Порецкое', 0, 1, NULL, NULL),
(2490, 'Урмары', 0, 1, NULL, NULL),
(2491, 'Цивильск', 0, 1, NULL, NULL),
(2492, 'Чебоксары', 0, 1, NULL, NULL),
(2493, 'Шемурша', 0, 1, NULL, NULL),
(2494, 'Шумерля', 0, 1, NULL, NULL),
(2495, 'Ядрин', 0, 1, NULL, NULL),
(2496, 'Яльчики', 0, 1, NULL, NULL),
(2497, 'Янтиково', 0, 1, NULL, NULL),
(2498, 'Анадырь (Чукотский АО)', 0, 1, NULL, NULL),
(2501, 'Губкинский (Ямало-Ненецкий АО)', 0, 1, NULL, NULL),
(2502, 'Заполярный (Ямало-Ненецкий АО)', 0, 1, NULL, NULL),
(2503, 'Муравленко', 0, 1, NULL, NULL),
(2504, 'Надым', 0, 1, NULL, NULL),
(2505, 'Новый Уренгой', 0, 1, NULL, NULL),
(2506, 'Ноябрьск', 0, 1, NULL, NULL),
(2507, 'Пангоды', 0, 1, NULL, NULL),
(2508, 'Пуровск', 0, 1, NULL, NULL),
(2511, 'Тарко-Сале', 0, 1, NULL, NULL),
(2512, 'Андропов', 0, 1, NULL, NULL),
(2513, 'Берендеево', 0, 1, NULL, NULL),
(2514, 'Большое Село', 0, 1, NULL, NULL),
(2515, 'Борисоглебский', 0, 1, NULL, NULL),
(2516, 'Брейтово', 0, 1, NULL, NULL),
(2517, 'Бурмакино', 0, 1, NULL, NULL),
(2518, 'Варегово', 0, 1, NULL, NULL),
(2519, 'Волга', 0, 1, NULL, NULL),
(2520, 'Гаврилов Ям', 0, 1, NULL, NULL),
(2521, 'Данилов', 0, 1, NULL, NULL),
(2522, 'Любим', 0, 1, NULL, NULL),
(2523, 'Мышкин', 0, 1, NULL, NULL),
(2524, 'Некрасовское', 0, 1, NULL, NULL),
(2525, 'Новый Некоуз', 0, 1, NULL, NULL),
(2526, 'Переславль-Залесский', 0, 1, NULL, NULL),
(2527, 'Пошехонье-Володарск', 0, 1, NULL, NULL),
(2528, 'Ростов', 0, 1, NULL, NULL),
(2529, 'Рыбинск', 0, 1, NULL, NULL),
(2530, 'Тутаев', 0, 1, NULL, NULL),
(2531, 'Углич', 0, 1, NULL, NULL),
(2532, 'Ярославль', 0, 1, NULL, NULL),
(10420, 'Акбеит', 0, 82, NULL, NULL),
(10421, 'Аксу', 0, 82, NULL, NULL),
(10422, 'Алексеевка', 0, 82, NULL, NULL),
(10423, 'Астана', 0, 82, NULL, NULL),
(10424, 'Астраханка', 0, 82, NULL, NULL),
(10425, 'Атбасар', 0, 82, NULL, NULL),
(10426, 'Балкашино', 0, 82, NULL, NULL),
(10427, 'Бестобе', 0, 82, NULL, NULL),
(10428, 'Вишневка', 0, 82, NULL, NULL),
(10429, 'Ерментау', 0, 82, NULL, NULL),
(10430, 'Жалтыр', 0, 82, NULL, NULL),
(10431, 'Жолымбет', 0, 82, NULL, NULL),
(10432, 'Кургальджинский', 0, 82, NULL, NULL),
(10433, 'Макинск', 0, 82, NULL, NULL),
(10434, 'Степногорск', 0, 82, NULL, NULL),
(10435, 'Шортанды', 0, 82, NULL, NULL),
(10436, 'Актобе (Актюбинск)', 0, 82, NULL, NULL),
(10437, 'Акшам', 0, 82, NULL, NULL),
(10438, 'Алга', 0, 82, NULL, NULL),
(10439, 'Байганин', 0, 82, NULL, NULL),
(10440, 'Батамшинский', 0, 82, NULL, NULL),
(10441, 'Иргиз', 0, 82, NULL, NULL),
(10442, 'Карабутак', 0, 82, NULL, NULL),
(10443, 'Мартук', 0, 82, NULL, NULL),
(10444, 'Новоалексеевка', 0, 82, NULL, NULL),
(10445, 'Октябрьск', 0, 82, NULL, NULL),
(10446, 'Уил', 0, 82, NULL, NULL),
(10447, 'Хромтау', 0, 82, NULL, NULL),
(10448, 'Челкар', 0, 82, NULL, NULL),
(10449, 'Шубаркудук', 0, 82, NULL, NULL),
(10450, 'Эмба', 0, 82, NULL, NULL),
(10451, 'Алматы (Алма-Ата)', 0, 82, NULL, NULL),
(10452, 'Баканас', 0, 82, NULL, NULL),
(10453, 'Бурундай', 0, 82, NULL, NULL),
(10454, 'Иссык', 0, 82, NULL, NULL),
(10455, 'Капчагай', 0, 82, NULL, NULL),
(10456, 'Каскелен', 0, 82, NULL, NULL),
(10457, 'Нарынкол', 0, 82, NULL, NULL),
(10458, 'Талгар', 0, 82, NULL, NULL),
(10459, 'Узунагач', 0, 82, NULL, NULL),
(10460, 'Чилик', 0, 82, NULL, NULL),
(10461, 'Чунджа', 0, 82, NULL, NULL),
(10462, 'Акжар', 0, 82, NULL, NULL),
(10463, 'Аксуат', 0, 82, NULL, NULL),
(10464, 'Асубулак', 0, 82, NULL, NULL),
(10465, 'Ауэзов', 0, 82, NULL, NULL),
(10466, 'Аягуз', 0, 82, NULL, NULL),
(10467, 'Баршатас', 0, 82, NULL, NULL),
(10468, 'Белогорский', 0, 82, NULL, NULL),
(10469, 'Боко', 0, 82, NULL, NULL),
(10470, 'Большая Владимировка', 0, 82, NULL, NULL),
(10471, 'Бородулиха', 0, 82, NULL, NULL),
(10472, 'Верхнеберезовский', 0, 82, NULL, NULL),
(10473, 'Георгиевка', 0, 82, NULL, NULL),
(10474, 'Глубокое', 0, 82, NULL, NULL),
(10475, 'Жангизтобе', 0, 82, NULL, NULL),
(10476, 'Жарма', 0, 82, NULL, NULL),
(10477, 'Жезкент', 0, 82, NULL, NULL),
(10478, 'Зайсан', 0, 82, NULL, NULL),
(10479, 'Зыряновск', 0, 82, NULL, NULL),
(10480, 'Катон-Карагай', 0, 82, NULL, NULL),
(10481, 'Кокпекты', 0, 82, NULL, NULL),
(10482, 'Курчум', 0, 82, NULL, NULL),
(10483, 'Маканчи', 0, 82, NULL, NULL),
(10484, 'Новая Шульба', 0, 82, NULL, NULL),
(10485, 'Риддер (Лениногорск)', 0, 82, NULL, NULL),
(10486, 'Самарское', 0, 82, NULL, NULL),
(10487, 'Семипалатинск', 0, 82, NULL, NULL),
(10488, 'Серебрянск', 0, 82, NULL, NULL),
(10489, 'Таскескен', 0, 82, NULL, NULL),
(10490, 'Урджар', 0, 82, NULL, NULL),
(10491, 'Усть-Каменогорск', 0, 82, NULL, NULL),
(10492, 'Чарск', 0, 82, NULL, NULL),
(10493, 'Шемонаиха', 0, 82, NULL, NULL),
(10494, 'Шульбинск', 0, 82, NULL, NULL),
(10495, 'Атырау(Гурьев)', 0, 82, NULL, NULL),
(10496, 'Байчунас', 0, 82, NULL, NULL),
(10497, 'Балыкши', 0, 82, NULL, NULL),
(10498, 'Ганюшкино', 0, 82, NULL, NULL),
(10499, 'Доссор', 0, 82, NULL, NULL),
(10500, 'Индерборский', 0, 82, NULL, NULL),
(10501, 'Каратон', 0, 82, NULL, NULL),
(10502, 'Кульсары', 0, 82, NULL, NULL),
(10503, 'Макат', 0, 82, NULL, NULL),
(10504, 'Миялы', 0, 82, NULL, NULL),
(10505, 'Агадырь', 0, 82, NULL, NULL),
(10506, 'Акжал', 0, 82, NULL, NULL),
(10507, 'Атасу', 0, 82, NULL, NULL),
(10508, 'Балхаш', 0, 82, NULL, NULL),
(10509, 'Гульшад', 0, 82, NULL, NULL),
(10510, 'Дарьинский', 0, 82, NULL, NULL),
(10511, 'Джамбул', 0, 82, NULL, NULL),
(10512, 'Джезды', 0, 82, NULL, NULL),
(10513, 'Джезказган', 0, 82, NULL, NULL),
(10514, 'Жарык', 0, 82, NULL, NULL),
(10515, 'Каражал', 0, 82, NULL, NULL),
(10516, 'Приозерск', 0, 82, NULL, NULL),
(10517, 'Сатпаев (Никольский)', 0, 82, NULL, NULL),
(10518, 'Тараз', 0, 82, NULL, NULL),
(10519, 'Улытау', 0, 82, NULL, NULL),
(10520, 'Акколь', 0, 82, NULL, NULL),
(10521, 'Байкадам', 0, 82, NULL, NULL),
(10522, 'Бурное', 0, 82, NULL, NULL),
(10524, 'Гранитогорск', 0, 82, NULL, NULL),
(10525, 'Жанатас', 0, 82, NULL, NULL),
(10526, 'Каратау', 0, 82, NULL, NULL),
(10527, 'Коктал', 0, 82, NULL, NULL),
(10528, 'Луговое', 0, 82, NULL, NULL),
(10529, 'Мерке', 0, 82, NULL, NULL),
(10530, 'Михайловка', 0, 82, NULL, NULL),
(10531, 'Новотроицкое', 0, 82, NULL, NULL),
(10532, 'Отар', 0, 82, NULL, NULL),
(10533, 'Тараз (Джамбул)', 0, 82, NULL, NULL),
(10534, 'Фурмановка', 0, 82, NULL, NULL),
(10535, 'Чиганак', 0, 82, NULL, NULL),
(10536, 'Чу', 0, 82, NULL, NULL),
(10537, 'Аксай', 0, 82, NULL, NULL),
(10538, 'Уральск', 0, 82, NULL, NULL),
(10539, 'Ак-Коль', 0, 82, NULL, NULL),
(10540, 'Акший', 0, 82, NULL, NULL),
(10541, 'Аршалы', 0, 82, NULL, NULL),
(10543, 'Байконур', 0, 82, NULL, NULL),
(10545, 'Жезказган', 0, 82, NULL, NULL),
(10546, 'Костанай', 0, 82, NULL, NULL),
(10547, 'Курчатов', 0, 82, NULL, NULL),
(10548, 'Кызылорда', 0, 82, NULL, NULL),
(10549, 'Махамбет', 0, 82, NULL, NULL),
(10550, 'Абай', 0, 82, NULL, NULL),
(10551, 'Актас', 0, 82, NULL, NULL),
(10552, 'Актау', 0, 82, NULL, NULL),
(10553, 'Егиндыбулак', 0, 82, NULL, NULL),
(10554, 'Карагайлы', 0, 82, NULL, NULL),
(10555, 'Караганда', 0, 82, NULL, NULL),
(10556, 'Каркаралинск', 0, 82, NULL, NULL),
(10557, 'Киевка', 0, 82, NULL, NULL),
(10558, 'Осакаровка', 0, 82, NULL, NULL),
(10559, 'Сарань', 0, 82, NULL, NULL),
(10560, 'Темиртау', 0, 82, NULL, NULL),
(10561, 'Токаревка', 0, 82, NULL, NULL),
(10562, 'Топар', 0, 82, NULL, NULL),
(10563, 'Ульяновский', 0, 82, NULL, NULL),
(10564, 'Шахтинск', 0, 82, NULL, NULL),
(10565, 'Аральск', 0, 82, NULL, NULL),
(10567, 'Джалагаш', 0, 82, NULL, NULL),
(10568, 'Джусалы', 0, 82, NULL, NULL),
(10569, 'Казалинск', 0, 82, NULL, NULL),
(10570, 'Кзылорда', 0, 82, NULL, NULL),
(10571, 'Новоказалинск', 0, 82, NULL, NULL),
(10572, 'Тасбугет', 0, 82, NULL, NULL),
(10573, 'Чиили', 0, 82, NULL, NULL),
(10574, 'Яныкурган', 0, 82, NULL, NULL),
(10575, 'Айдабул', 0, 82, NULL, NULL),
(10577, 'Боровое', 0, 82, NULL, NULL),
(10578, 'Володарское', 0, 82, NULL, NULL),
(10579, 'Зеренда', 0, 82, NULL, NULL),
(10580, 'Келлеровка', 0, 82, NULL, NULL),
(10581, 'Кзылту', 0, 82, NULL, NULL),
(10582, 'Кокчетав', 0, 82, NULL, NULL),
(10583, 'Красноармейск', 0, 82, NULL, NULL),
(10584, 'Красный Яр', 0, 82, NULL, NULL),
(10585, 'Куйбышевский', 0, 82, NULL, NULL),
(10586, 'Ленинградское', 0, 82, NULL, NULL),
(10587, 'Рузаевка', 0, 82, NULL, NULL),
(10588, 'Степняк', 0, 82, NULL, NULL),
(10589, 'Талшик', 0, 82, NULL, NULL),
(10590, 'Чистополье', 0, 82, NULL, NULL),
(10591, 'Чкалово', 0, 82, NULL, NULL),
(10592, 'Щучинск', 0, 82, NULL, NULL),
(10593, 'Боровской', 0, 82, NULL, NULL),
(10594, 'Джетыгара', 0, 82, NULL, NULL),
(10595, 'Затобольск', 0, 82, NULL, NULL),
(10596, 'Камышное', 0, 82, NULL, NULL),
(10597, 'Карасу', 0, 82, NULL, NULL),
(10598, 'Комсомолец', 0, 82, NULL, NULL),
(10599, 'Кустанай', 0, 82, NULL, NULL),
(10600, 'Кушмурун', 0, 82, NULL, NULL),
(10601, 'Ленинское', 0, 82, NULL, NULL),
(10602, 'Лисаковск', 0, 82, NULL, NULL),
(10603, 'Орджоникидзе', 0, 82, NULL, NULL),
(10604, 'Рудный', 0, 82, NULL, NULL),
(10605, 'Семиозерное', 0, 82, NULL, NULL),
(10606, 'Тобол', 0, 82, NULL, NULL),
(10607, 'Урицкий', 0, 82, NULL, NULL);
INSERT INTO `cities` (`id`, `name`, `pickup`, `country_id`, `created_at`, `updated_at`) VALUES
(10608, 'Успеновка', 0, 82, NULL, NULL),
(10609, 'Актау (Шевченко)', 0, 82, NULL, NULL),
(10610, 'Баутино', 0, 82, NULL, NULL),
(10611, 'Бейнеу', 0, 82, NULL, NULL),
(10612, 'Новый Узень', 0, 82, NULL, NULL),
(10613, 'Форт-Шевченко', 0, 82, NULL, NULL),
(10614, 'Аксу (Ермак)', 0, 82, NULL, NULL),
(10615, 'Баянаул', 0, 82, NULL, NULL),
(10616, 'Железинка', 0, 82, NULL, NULL),
(10617, 'Иртышск', 0, 82, NULL, NULL),
(10618, 'Калкаман', 0, 82, NULL, NULL),
(10619, 'Краснокутск', 0, 82, NULL, NULL),
(10620, 'Лебяжье', 0, 82, NULL, NULL),
(10621, 'Майкаин', 0, 82, NULL, NULL),
(10622, 'Павлодар', 0, 82, NULL, NULL),
(10623, 'Успенка', 0, 82, NULL, NULL),
(10624, 'Щербакты', 0, 82, NULL, NULL),
(10625, 'Экибастуз', 0, 82, NULL, NULL),
(10626, 'Благовещенка', 0, 82, NULL, NULL),
(10627, 'Булаево', 0, 82, NULL, NULL),
(10628, 'Корнеевка', 0, 82, NULL, NULL),
(10629, 'Мамлютка', 0, 82, NULL, NULL),
(10630, 'Петропавловск', 0, 82, NULL, NULL),
(10631, 'Пресновка', 0, 82, NULL, NULL),
(10632, 'Сергеевка', 0, 82, NULL, NULL),
(10633, 'Соколовка', 0, 82, NULL, NULL),
(10634, 'Явленка', 0, 82, NULL, NULL),
(10635, 'Актогай', 0, 82, NULL, NULL),
(10636, 'Андреевка', 0, 82, NULL, NULL),
(10637, 'Джансугуров', 0, 82, NULL, NULL),
(10638, 'Капал', 0, 82, NULL, NULL),
(10639, 'Карабулак', 0, 82, NULL, NULL),
(10640, 'Кировский', 0, 82, NULL, NULL),
(10641, 'Панфилов', 0, 82, NULL, NULL),
(10642, 'Сарканд', 0, 82, NULL, NULL),
(10643, 'Сарыозек', 0, 82, NULL, NULL),
(10644, 'Талды-Курган', 0, 82, NULL, NULL),
(10645, 'Текели', 0, 82, NULL, NULL),
(10646, 'Учарал', 0, 82, NULL, NULL),
(10647, 'Уштобе', 0, 82, NULL, NULL),
(10648, 'Амангельды', 0, 82, NULL, NULL),
(10649, 'Аркалык', 0, 82, NULL, NULL),
(10650, 'Державинск', 0, 82, NULL, NULL),
(10651, 'Есиль', 0, 82, NULL, NULL),
(10652, 'Жаксы', 0, 82, NULL, NULL),
(10653, 'Октябрьское', 0, 82, NULL, NULL),
(10654, 'Тургай', 0, 82, NULL, NULL),
(10655, 'Арысь', 0, 82, NULL, NULL),
(10656, 'Байжансай', 0, 82, NULL, NULL),
(10657, 'Белые Воды', 0, 82, NULL, NULL),
(10658, 'Ванновка', 0, 82, NULL, NULL),
(10659, 'Джетысай', 0, 82, NULL, NULL),
(10660, 'Кентау', 0, 82, NULL, NULL),
(10661, 'Ленгер', 0, 82, NULL, NULL),
(10662, 'Мырзакент', 0, 82, NULL, NULL),
(10663, 'Сарыагач', 0, 82, NULL, NULL),
(10664, 'Темирлановка', 0, 82, NULL, NULL),
(10665, 'Туркестан', 0, 82, NULL, NULL),
(10666, 'Чардара', 0, 82, NULL, NULL),
(10667, 'Чаян', 0, 82, NULL, NULL),
(10668, 'Чулаккурган', 0, 82, NULL, NULL),
(10669, 'Шаульдер', 0, 82, NULL, NULL),
(10670, 'Шымкент (Чимкент)', 0, 82, NULL, NULL),
(17590, 'п. Тельмана', 0, 1, '2019-11-05 00:17:55', '2019-11-06 22:19:22');

-- --------------------------------------------------------

--
-- Структура таблицы `countries`
--

CREATE TABLE `countries` (
  `id` bigint(20) UNSIGNED NOT NULL,
  `name` varchar(255) COLLATE utf8mb4_unicode_ci NOT NULL,
  `code` varchar(255) COLLATE utf8mb4_unicode_ci NOT NULL,
  `created_at` timestamp NULL DEFAULT NULL,
  `updated_at` timestamp NULL DEFAULT NULL
) ENGINE=InnoDB DEFAULT CHARSET=utf8mb4 COLLATE=utf8mb4_unicode_ci;

--
-- Дамп данных таблицы `countries`
--

INSERT INTO `countries` (`id`, `name`, `code`, `created_at`, `updated_at`) VALUES
(1, 'Россия', 'RU', NULL, NULL),
(82, 'Казахстан', 'KZ', NULL, NULL);

-- --------------------------------------------------------

--
-- Структура таблицы `coupons_brands`
--

CREATE TABLE `coupons_brands` (
  `id` bigint(20) UNSIGNED NOT NULL,
  `brand_id` bigint(20) UNSIGNED NOT NULL,
  `coupon_id` bigint(20) UNSIGNED NOT NULL
) ENGINE=InnoDB DEFAULT CHARSET=utf8mb4 COLLATE=utf8mb4_unicode_ci;

-- --------------------------------------------------------

--
-- Структура таблицы `coupons_categories`
--

CREATE TABLE `coupons_categories` (
  `id` bigint(20) UNSIGNED NOT NULL,
  `category_id` bigint(20) UNSIGNED NOT NULL,
  `coupon_id` bigint(20) UNSIGNED NOT NULL
) ENGINE=InnoDB DEFAULT CHARSET=utf8mb4 COLLATE=utf8mb4_unicode_ci;

-- --------------------------------------------------------

--
-- Структура таблицы `coupons_products`
--

CREATE TABLE `coupons_products` (
  `id` bigint(20) UNSIGNED NOT NULL,
  `product_id` bigint(20) UNSIGNED NOT NULL,
  `coupon_id` bigint(20) UNSIGNED NOT NULL
) ENGINE=InnoDB DEFAULT CHARSET=utf8mb4 COLLATE=utf8mb4_unicode_ci;

-- --------------------------------------------------------

--
-- Структура таблицы `coupon_codes`
--

CREATE TABLE `coupon_codes` (
  `id` bigint(20) UNSIGNED NOT NULL,
  `code` varchar(255) COLLATE utf8mb4_unicode_ci NOT NULL,
  `type` varchar(255) COLLATE utf8mb4_unicode_ci NOT NULL,
  `value` decimal(8,2) NOT NULL,
  `total` int(10) UNSIGNED NOT NULL,
  `used` int(10) UNSIGNED NOT NULL DEFAULT '0',
  `min_amount` decimal(10,0) NOT NULL,
  `max_amount` decimal(10,0) NOT NULL,
  `disabled_other_sales` tinyint(1) NOT NULL DEFAULT '0',
  `not_before` datetime NOT NULL DEFAULT CURRENT_TIMESTAMP,
  `not_after` datetime NOT NULL,
  `enabled` tinyint(1) NOT NULL DEFAULT '1',
  `created_at` timestamp NULL DEFAULT NULL,
  `updated_at` timestamp NULL DEFAULT NULL
) ENGINE=InnoDB DEFAULT CHARSET=utf8mb4 COLLATE=utf8mb4_unicode_ci;

-- --------------------------------------------------------

--
-- Структура таблицы `currencies`
--

CREATE TABLE `currencies` (
  `id` bigint(20) UNSIGNED NOT NULL,
  `name` varchar(255) COLLATE utf8mb4_unicode_ci NOT NULL,
  `ratio` double(8,5) NOT NULL,
  `symbol` varchar(255) COLLATE utf8mb4_unicode_ci NOT NULL,
  `short_name` varchar(255) COLLATE utf8mb4_unicode_ci NOT NULL,
  `created_at` timestamp NULL DEFAULT NULL,
  `updated_at` timestamp NULL DEFAULT NULL
) ENGINE=InnoDB DEFAULT CHARSET=utf8mb4 COLLATE=utf8mb4_unicode_ci;

--
-- Дамп данных таблицы `currencies`
--

INSERT INTO `currencies` (`id`, `name`, `ratio`, `symbol`, `short_name`, `created_at`, `updated_at`) VALUES
(1, 'Тенге', 1.00000, '₸', 'KZT', '2021-01-14 04:06:53', '2021-01-27 02:00:12'),
(2, 'Российский рубль', 0.18000, '₽', 'RUB', '2021-01-14 04:06:56', '2021-01-27 02:00:12'),
(3, 'Американский доллар', 0.00237, '$', 'USD', '2021-01-14 04:06:59', '2021-01-27 02:00:12');

-- --------------------------------------------------------

--
-- Структура таблицы `disabled_coupons_brands`
--

CREATE TABLE `disabled_coupons_brands` (
  `id` bigint(20) UNSIGNED NOT NULL,
  `brand_id` bigint(20) UNSIGNED NOT NULL,
  `coupon_id` bigint(20) UNSIGNED NOT NULL
) ENGINE=InnoDB DEFAULT CHARSET=utf8mb4 COLLATE=utf8mb4_unicode_ci;

-- --------------------------------------------------------

--
-- Структура таблицы `disabled_coupons_categories`
--

CREATE TABLE `disabled_coupons_categories` (
  `id` bigint(20) UNSIGNED NOT NULL,
  `category_id` bigint(20) UNSIGNED NOT NULL,
  `coupon_id` bigint(20) UNSIGNED NOT NULL
) ENGINE=InnoDB DEFAULT CHARSET=utf8mb4 COLLATE=utf8mb4_unicode_ci;

-- --------------------------------------------------------

--
-- Структура таблицы `disabled_coupons_products`
--

CREATE TABLE `disabled_coupons_products` (
  `id` bigint(20) UNSIGNED NOT NULL,
  `product_id` bigint(20) UNSIGNED NOT NULL,
  `coupon_id` bigint(20) UNSIGNED NOT NULL
) ENGINE=InnoDB DEFAULT CHARSET=utf8mb4 COLLATE=utf8mb4_unicode_ci;

-- --------------------------------------------------------

--
-- Структура таблицы `failed_jobs`
--

CREATE TABLE `failed_jobs` (
  `id` bigint(20) UNSIGNED NOT NULL,
  `uuid` varchar(255) COLLATE utf8mb4_unicode_ci NOT NULL,
  `connection` text COLLATE utf8mb4_unicode_ci NOT NULL,
  `queue` text COLLATE utf8mb4_unicode_ci NOT NULL,
  `payload` longtext COLLATE utf8mb4_unicode_ci NOT NULL,
  `exception` longtext COLLATE utf8mb4_unicode_ci NOT NULL,
  `failed_at` timestamp NOT NULL DEFAULT CURRENT_TIMESTAMP
) ENGINE=InnoDB DEFAULT CHARSET=utf8mb4 COLLATE=utf8mb4_unicode_ci;

-- --------------------------------------------------------

--
-- Структура таблицы `jobs`
--

CREATE TABLE `jobs` (
  `id` bigint(20) UNSIGNED NOT NULL,
  `queue` varchar(255) COLLATE utf8mb4_unicode_ci NOT NULL,
  `payload` longtext COLLATE utf8mb4_unicode_ci NOT NULL,
  `attempts` tinyint(3) UNSIGNED NOT NULL,
  `reserved_at` int(10) UNSIGNED DEFAULT NULL,
  `available_at` int(10) UNSIGNED NOT NULL,
  `created_at` int(10) UNSIGNED NOT NULL
) ENGINE=InnoDB DEFAULT CHARSET=utf8mb4 COLLATE=utf8mb4_unicode_ci;

--
-- Дамп данных таблицы `jobs`
--

INSERT INTO `jobs` (`id`, `queue`, `payload`, `attempts`, `reserved_at`, `available_at`, `created_at`) VALUES
(11, 'default', '{\"uuid\":\"86a87a85-6857-4b3c-a426-7be047cc95b9\",\"displayName\":\"App\\\\Notifications\\\\CreateOrderNotification\",\"job\":\"Illuminate\\\\Queue\\\\CallQueuedHandler@call\",\"maxTries\":null,\"maxExceptions\":null,\"backoff\":\"\",\"timeout\":null,\"retryUntil\":null,\"data\":{\"commandName\":\"Illuminate\\\\Notifications\\\\SendQueuedNotifications\",\"command\":\"O:48:\\\"Illuminate\\\\Notifications\\\\SendQueuedNotifications\\\":16:{s:11:\\\"notifiables\\\";O:45:\\\"Illuminate\\\\Contracts\\\\Database\\\\ModelIdentifier\\\":4:{s:5:\\\"class\\\";s:15:\\\"App\\\\Models\\\\User\\\";s:2:\\\"id\\\";a:1:{i:0;i:1;}s:9:\\\"relations\\\";a:3:{i:0;s:7:\\\"country\\\";i:1;s:4:\\\"city\\\";i:2;s:12:\\\"city.country\\\";}s:10:\\\"connection\\\";s:5:\\\"mysql\\\";}s:12:\\\"notification\\\";O:41:\\\"App\\\\Notifications\\\\CreateOrderNotification\\\":12:{s:8:\\\"\\u0000*\\u0000order\\\";O:45:\\\"Illuminate\\\\Contracts\\\\Database\\\\ModelIdentifier\\\":4:{s:5:\\\"class\\\";s:16:\\\"App\\\\Models\\\\Order\\\";s:2:\\\"id\\\";i:6;s:9:\\\"relations\\\";a:4:{i:0;s:4:\\\"user\\\";i:1;s:12:\\\"user.country\\\";i:2;s:9:\\\"user.city\\\";i:3;s:17:\\\"user.city.country\\\";}s:10:\\\"connection\\\";s:5:\\\"mysql\\\";}s:2:\\\"id\\\";s:36:\\\"987ca0fa-27c8-4d5a-a14a-6921490d869e\\\";s:6:\\\"locale\\\";N;s:10:\\\"connection\\\";N;s:5:\\\"queue\\\";N;s:15:\\\"chainConnection\\\";N;s:10:\\\"chainQueue\\\";N;s:19:\\\"chainCatchCallbacks\\\";N;s:5:\\\"delay\\\";N;s:11:\\\"afterCommit\\\";N;s:10:\\\"middleware\\\";a:0:{}s:7:\\\"chained\\\";a:0:{}}s:8:\\\"channels\\\";a:1:{i:0;s:4:\\\"mail\\\";}s:5:\\\"tries\\\";N;s:7:\\\"timeout\\\";N;s:17:\\\"shouldBeEncrypted\\\";b:0;s:3:\\\"job\\\";N;s:10:\\\"connection\\\";N;s:5:\\\"queue\\\";N;s:15:\\\"chainConnection\\\";N;s:10:\\\"chainQueue\\\";N;s:19:\\\"chainCatchCallbacks\\\";N;s:5:\\\"delay\\\";N;s:11:\\\"afterCommit\\\";N;s:10:\\\"middleware\\\";a:0:{}s:7:\\\"chained\\\";a:0:{}}\"},\"telescope_uuid\":\"929a2e07-638a-42d2-9e9f-9812f4ca6c4b\"}', 0, NULL, 1611908948, 1611908948),
(12, 'default', '{\"uuid\":\"bf08a8b3-24a3-4f1a-aca6-5a957f5a84b6\",\"displayName\":\"App\\\\Jobs\\\\CloseOrder\",\"job\":\"Illuminate\\\\Queue\\\\CallQueuedHandler@call\",\"maxTries\":null,\"maxExceptions\":null,\"backoff\":null,\"timeout\":null,\"retryUntil\":null,\"data\":{\"commandName\":\"App\\\\Jobs\\\\CloseOrder\",\"command\":\"O:19:\\\"App\\\\Jobs\\\\CloseOrder\\\":12:{s:8:\\\"\\u0000*\\u0000order\\\";O:45:\\\"Illuminate\\\\Contracts\\\\Database\\\\ModelIdentifier\\\":4:{s:5:\\\"class\\\";s:16:\\\"App\\\\Models\\\\Order\\\";s:2:\\\"id\\\";i:6;s:9:\\\"relations\\\";a:4:{i:0;s:4:\\\"user\\\";i:1;s:12:\\\"user.country\\\";i:2;s:9:\\\"user.city\\\";i:3;s:17:\\\"user.city.country\\\";}s:10:\\\"connection\\\";s:5:\\\"mysql\\\";}s:15:\\\"\\u0000*\\u0000orderService\\\";O:25:\\\"App\\\\Services\\\\OrderService\\\":0:{}s:3:\\\"job\\\";N;s:10:\\\"connection\\\";N;s:5:\\\"queue\\\";N;s:15:\\\"chainConnection\\\";N;s:10:\\\"chainQueue\\\";N;s:19:\\\"chainCatchCallbacks\\\";N;s:5:\\\"delay\\\";O:25:\\\"Illuminate\\\\Support\\\\Carbon\\\":3:{s:4:\\\"date\\\";s:26:\\\"2021-01-29 15:34:08.554886\\\";s:13:\\\"timezone_type\\\";i:3;s:8:\\\"timezone\\\";s:16:\\\"Asia\\/Krasnoyarsk\\\";}s:11:\\\"afterCommit\\\";N;s:10:\\\"middleware\\\";a:0:{}s:7:\\\"chained\\\";a:0:{}}\"},\"telescope_uuid\":\"929a2e07-65b8-47a6-8375-0463114a1d5e\"}', 0, NULL, 1611909248, 1611908948);

-- --------------------------------------------------------

--
-- Структура таблицы `migrations`
--

CREATE TABLE `migrations` (
  `id` int(10) UNSIGNED NOT NULL,
  `migration` varchar(255) COLLATE utf8mb4_unicode_ci NOT NULL,
  `batch` int(11) NOT NULL
) ENGINE=InnoDB DEFAULT CHARSET=utf8mb4 COLLATE=utf8mb4_unicode_ci;

--
-- Дамп данных таблицы `migrations`
--

INSERT INTO `migrations` (`id`, `migration`, `batch`) VALUES
(1, '2014_10_12_100000_create_password_resets_table', 1),
(2, '2018_08_08_100000_create_telescope_entries_table', 1),
(3, '2019_08_19_000000_create_failed_jobs_table', 1),
(4, '2020_12_19_124454_create_brands_table', 1),
(5, '2020_12_19_125321_create_categories_table', 1),
(6, '2020_12_19_141503_categories_categories', 1),
(7, '2020_12_19_142239_create_currencies_table', 1),
(8, '2020_12_19_145932_create_products_table', 1),
(9, '2020_12_19_151732_create_photos_table', 1),
(10, '2020_12_20_000000_create_countries_table', 1),
(11, '2020_12_20_181300_create_skus_categories_table', 1),
(12, '2020_12_20_181325_create_skuses_table', 1),
(13, '2020_12_20_181607_create_product_skuses_table', 1),
(14, '2020_12_21_000000_create_cities_table', 1),
(15, '2020_12_22_000000_create_users_table', 1),
(16, '2020_12_22_192712_create_cart_items_table', 1),
(17, '2020_12_24_200905_create_orders_table', 1),
(18, '2020_12_24_201617_order_items', 1),
(19, '2021_01_05_085417_create_jobs_table', 1),
(20, '2021_01_22_010518_create_settings_table', 2),
(21, '2021_01_22_162337_create_coupon_codes_table', 3),
(22, '2021_01_22_162853_orders_add_coupon_code_id', 4),
(23, '2021_01_23_145235_add_transfer_to_order', 5),
(24, '2021_01_24_055422_coupons_products', 6),
(25, '2021_01_24_055909_coupons_brands', 6),
(26, '2021_01_24_060206_disabled_coupons_brands', 6),
(27, '2021_01_24_060354_disabled_coupons_products', 6),
(28, '2021_01_24_060658_coupons_categories', 6),
(29, '2021_01_24_061105_disabled_coupons_categories', 6);

-- --------------------------------------------------------

--
-- Структура таблицы `orders`
--

CREATE TABLE `orders` (
  `id` bigint(20) UNSIGNED NOT NULL,
  `no` varchar(255) COLLATE utf8mb4_unicode_ci NOT NULL,
  `user_id` bigint(20) UNSIGNED NOT NULL,
  `address` json NOT NULL,
  `price` decimal(10,2) NOT NULL,
  `ship_price` decimal(10,2) NOT NULL DEFAULT '0.00',
  `paid_at` timestamp NULL DEFAULT NULL,
  `payment_method` text COLLATE utf8mb4_unicode_ci NOT NULL,
  `ship_status` varchar(255) COLLATE utf8mb4_unicode_ci NOT NULL DEFAULT 'paid',
  `ship_data` json DEFAULT NULL,
  `created_at` timestamp NULL DEFAULT NULL,
  `updated_at` timestamp NULL DEFAULT NULL,
  `coupon_code_id` bigint(20) UNSIGNED DEFAULT NULL,
  `sale` decimal(10,2) NOT NULL DEFAULT '0.00',
  `transfer` varchar(255) COLLATE utf8mb4_unicode_ci NOT NULL
) ENGINE=InnoDB DEFAULT CHARSET=utf8mb4 COLLATE=utf8mb4_unicode_ci;

--
-- Дамп данных таблицы `orders`
--

INSERT INTO `orders` (`id`, `no`, `user_id`, `address`, `price`, `ship_price`, `paid_at`, `payment_method`, `ship_status`, `ship_data`, `created_at`, `updated_at`, `coupon_code_id`, `sale`, `transfer`) VALUES
(1, '20210127184536233960', 3, '{\"address\": \"artyshko.test@gmail.com, 660099\", \"contact_name\": \"Артышко Андрей Алексеевич\", \"contact_phone\": \"+7 (902) 963-43-66\"}', '341900.00', '0.00', '2021-01-27 15:45:36', 'cash', 'cancel', '{}', '2021-01-27 15:45:36', '2021-01-28 08:49:09', NULL, '0.00', 'pickup'),
(2, '20210128120552117599', 1, '{\"address\": \"Россия, Красноярск, Горького 24, 25, 660099\", \"contact_name\": \"Андрей Артышко Алексеевич\", \"contact_phone\": \"+7 (902) 963-43-66\"}', '4995.00', '0.00', NULL, 'cloudPayment', 'cancel', '{}', '2021-01-28 09:05:52', '2021-01-28 09:19:03', NULL, '0.00', 'pickup'),
(3, '20210128120739322357', 1, '{\"address\": \"Россия, Красноярск, Горького 24, 25, 660099\", \"contact_name\": \"Андрей Артышко Алексеевич\", \"contact_phone\": \"+7 (902) 963-43-66\"}', '999.00', '0.00', NULL, 'cloudPayment', 'cancel', '{}', '2021-01-28 09:07:39', '2021-01-28 09:18:57', NULL, '0.00', 'pickup'),
(4, '20210128121359408265', 1, '{\"address\": \"Россия, Красноярск, Горького 24, 25, 660099\", \"contact_name\": \"Андрей Артышко Алексеевич\", \"contact_phone\": \"+7 (902) 963-43-66\"}', '999.00', '0.00', NULL, 'cloudPayment', 'cancel', '{}', '2021-01-28 09:13:59', '2021-01-28 09:18:51', NULL, '0.00', 'pickup'),
(5, '20210128121714715834', 1, '{\"address\": \"Россия, Красноярск, Горького 24, 25, 660099\", \"contact_name\": \"Андрей Артышко Алексеевич\", \"contact_phone\": \"+7 (902) 963-43-66\"}', '999.00', '0.00', '2021-01-28 09:17:42', 'cloudPayment', 'received', '{\"track\": \"RC123123123CN\"}', '2021-01-28 09:17:14', '2021-01-28 09:20:41', NULL, '0.00', 'pickup'),
(6, '20210129152908414971', 1, '{\"address\": \"Россия, Красноярск, Горького 24, 25, 660099\", \"contact_name\": \"Андрей Артышко Алексеевич\", \"contact_phone\": \"+7 (902) 963-43-66\"}', '999.00', '25000.00', '2021-01-29 12:29:28', 'cloudPayment', 'cancel', '{}', '2021-01-29 12:29:08', '2021-01-29 12:31:15', NULL, '0.00', 'ems');

-- --------------------------------------------------------

--
-- Структура таблицы `order_items`
--

CREATE TABLE `order_items` (
  `id` bigint(20) UNSIGNED NOT NULL,
  `product_id` bigint(20) UNSIGNED NOT NULL,
  `order_id` bigint(20) UNSIGNED NOT NULL,
  `skus_id` bigint(20) UNSIGNED NOT NULL,
  `amount` int(11) NOT NULL DEFAULT '0',
  `price` decimal(10,0) NOT NULL,
  `created_at` timestamp NULL DEFAULT NULL,
  `updated_at` timestamp NULL DEFAULT NULL
) ENGINE=InnoDB DEFAULT CHARSET=utf8mb4 COLLATE=utf8mb4_unicode_ci;

--
-- Дамп данных таблицы `order_items`
--

INSERT INTO `order_items` (`id`, `product_id`, `order_id`, `skus_id`, `amount`, `price`, `created_at`, `updated_at`) VALUES
(1, 16, 1, 1, 1, '341900', '2021-01-27 15:45:36', '2021-01-27 15:45:36'),
(2, 17, 2, 5, 5, '999', '2021-01-28 09:05:52', '2021-01-28 09:05:52'),
(3, 17, 3, 4, 1, '999', '2021-01-28 09:07:39', '2021-01-28 09:07:39'),
(4, 17, 4, 3, 1, '999', '2021-01-28 09:13:59', '2021-01-28 09:13:59'),
(5, 17, 5, 2, 1, '999', '2021-01-28 09:17:14', '2021-01-28 09:17:14'),
(6, 17, 6, 4, 1, '999', '2021-01-29 12:29:08', '2021-01-29 12:29:08');

-- --------------------------------------------------------

--
-- Структура таблицы `password_resets`
--

CREATE TABLE `password_resets` (
  `email` varchar(255) COLLATE utf8mb4_unicode_ci NOT NULL,
  `token` varchar(255) COLLATE utf8mb4_unicode_ci NOT NULL,
  `created_at` timestamp NULL DEFAULT NULL
) ENGINE=InnoDB DEFAULT CHARSET=utf8mb4 COLLATE=utf8mb4_unicode_ci;

-- --------------------------------------------------------

--
-- Структура таблицы `photos`
--

CREATE TABLE `photos` (
  `id` bigint(20) UNSIGNED NOT NULL,
  `product_id` bigint(20) UNSIGNED DEFAULT NULL,
  `name` text COLLATE utf8mb4_unicode_ci NOT NULL,
  `created_at` timestamp NULL DEFAULT NULL,
  `updated_at` timestamp NULL DEFAULT NULL
) ENGINE=InnoDB DEFAULT CHARSET=utf8mb4 COLLATE=utf8mb4_unicode_ci;

--
-- Дамп данных таблицы `photos`
--

INSERT INTO `photos` (`id`, `product_id`, `name`, `created_at`, `updated_at`) VALUES
(1, 1, '1611648725204_CAPITA THE BLACK SNOWBOARD OF DEATH', '2021-01-26 09:12:01', '2021-01-26 09:12:06'),
(2, 2, '1611650430572_ed6629f04d48aeddb14694919add18c8', '2021-01-26 09:40:27', '2021-01-26 09:40:30'),
(3, 3, '1611651265167_ff5ed156b64dee32e0a51377511f020c', '2021-01-26 09:54:22', '2021-01-26 09:58:01'),
(4, 4, '1611652320193_fa4ac8d3e3ec5e26e22fd95149301e09', '2021-01-26 10:11:57', '2021-01-26 10:12:09'),
(5, 5, '1611653488017_1e6ca22c8b7fd3d8ab368d784ab760ac', '2021-01-26 10:31:25', '2021-01-26 10:32:31'),
(6, 6, '1611654312381_9db5a9c7d14beb2547f2ebde671da25a', '2021-01-26 10:45:09', '2021-01-26 10:45:47'),
(7, 7, '1611658892766_7f53d5f5beb6fb21cf392662bcb249ae', '2021-01-26 12:01:30', '2021-01-26 12:06:02'),
(9, 8, '1611660291751_76ac517c467890af9a05753bcb00ee63', '2021-01-26 12:24:48', '2021-01-26 12:25:29'),
(10, 9, '1611662807611_b9530edbdf584fb31874223d0e5fb288', '2021-01-26 13:06:43', '2021-01-26 13:09:29'),
(11, 10, '1611734035029_494eca82d23f1c837f043a738d925243', '2021-01-27 08:53:51', '2021-01-27 08:55:01'),
(12, 11, '1611734588265_0417d129cf37b1fc95b8449caa2e5f33', '2021-01-27 09:03:05', '2021-01-27 09:03:54'),
(13, 12, '1611735403605_254f88bb264a7f39bc504867983c50bf', '2021-01-27 09:16:40', '2021-01-27 09:17:06'),
(14, 13, '1611737604549_aef69668900d38074058cd8492bc4339', '2021-01-27 09:53:21', '2021-01-27 09:54:09'),
(15, 14, '1611737940320_cbcc957cf5a9555059b19e752ae23459', '2021-01-27 09:58:56', '2021-01-27 09:59:22'),
(16, 15, '1611738234180_6d6f27f46707bc5d142429daa46f01b5', '2021-01-27 10:03:50', '2021-01-27 10:03:52'),
(17, 16, '1611738777173_305d977035ee6ca95469a3aed277ac41', '2021-01-27 10:12:53', '2021-01-27 10:13:22'),
(18, 17, '1611810180133_look.com.ua-114487', '2021-01-28 09:03:01', '2021-01-28 09:03:24'),
(19, 17, '1611810180135_look.com.ua-114492', '2021-01-28 09:03:01', '2021-01-28 09:03:24'),
(20, 17, '1611810180136_look.com.ua-114493', '2021-01-28 09:03:03', '2021-01-28 09:03:24'),
(21, 17, '1611810180137_look.com.ua-114495', '2021-01-28 09:03:03', '2021-01-28 09:03:24'),
(22, 17, '1611810180138_look.com.ua-114496', '2021-01-28 09:03:05', '2021-01-28 09:03:24'),
(23, 17, '1611810180139_look.com.ua-114497', '2021-01-28 09:03:05', '2021-01-28 09:03:24'),
(24, 17, '1611810180139_look.com.ua-114498', '2021-01-28 09:03:07', '2021-01-28 09:03:24'),
(25, 17, '1611810180140_look.com.ua-114499', '2021-01-28 09:03:07', '2021-01-28 09:03:24'),
(26, 17, '1611810180142_look.com.ua-114502', '2021-01-28 09:03:09', '2021-01-28 09:03:24'),
(27, 17, '1611810180141_look.com.ua-114500', '2021-01-28 09:03:09', '2021-01-28 09:03:24'),
(28, 17, '1611810180144_look.com.ua-114504', '2021-01-28 09:03:10', '2021-01-28 09:03:24'),
(29, 17, '1611810180143_look.com.ua-114503', '2021-01-28 09:03:10', '2021-01-28 09:03:24'),
(30, 17, '1611810180144_look.com.ua-114505', '2021-01-28 09:03:12', '2021-01-28 09:03:24'),
(31, 17, '1611810180145_look.com.ua-114506', '2021-01-28 09:03:12', '2021-01-28 09:03:24'),
(32, 17, '1611810180146_look.com.ua-114507', '2021-01-28 09:03:13', '2021-01-28 09:03:24'),
(33, 17, '1611810180147_look.com.ua-114508', '2021-01-28 09:03:14', '2021-01-28 09:03:24'),
(34, 17, '1611810180148_look.com.ua-114519', '2021-01-28 09:03:15', '2021-01-28 09:03:24'),
(35, 17, '1611810180148_look.com.ua-114522', '2021-01-28 09:03:15', '2021-01-28 09:03:24'),
(36, 17, '1611810180149_look.com.ua-114530', '2021-01-28 09:03:17', '2021-01-28 09:03:24'),
(37, 17, '1611810180150_look.com.ua-114531', '2021-01-28 09:03:17', '2021-01-28 09:03:24'),
(38, 17, '1611810180151_look.com.ua-114551', '2021-01-28 09:03:18', '2021-01-28 09:03:24'),
(39, 17, '1611810180152_look.com.ua-114553', '2021-01-28 09:03:19', '2021-01-28 09:03:24');

-- --------------------------------------------------------

--
-- Структура таблицы `products`
--

CREATE TABLE `products` (
  `id` bigint(20) UNSIGNED NOT NULL,
  `title` varchar(255) COLLATE utf8mb4_unicode_ci NOT NULL,
  `description` text COLLATE utf8mb4_unicode_ci NOT NULL,
  `on_sale` tinyint(1) NOT NULL DEFAULT '1',
  `on_new` tinyint(1) NOT NULL DEFAULT '0',
  `on_top` tinyint(1) NOT NULL DEFAULT '0',
  `sold_count` int(11) NOT NULL DEFAULT '0',
  `price` decimal(10,0) NOT NULL,
  `price_sale` decimal(10,0) DEFAULT NULL,
  `weight` decimal(10,2) NOT NULL,
  `sex` varchar(255) COLLATE utf8mb4_unicode_ci NOT NULL DEFAULT 'unisex',
  `meta` json NOT NULL,
  `brand_id` bigint(20) UNSIGNED DEFAULT NULL,
  `category_id` bigint(20) UNSIGNED DEFAULT NULL,
  `created_at` timestamp NULL DEFAULT NULL,
  `updated_at` timestamp NULL DEFAULT NULL,
  `deleted_at` timestamp NULL DEFAULT NULL
) ENGINE=InnoDB DEFAULT CHARSET=utf8mb4 COLLATE=utf8mb4_unicode_ci;

--
-- Дамп данных таблицы `products`
--

INSERT INTO `products` (`id`, `title`, `description`, `on_sale`, `on_new`, `on_top`, `sold_count`, `price`, `price_sale`, `weight`, `sex`, `meta`, `brand_id`, `category_id`, `created_at`, `updated_at`, `deleted_at`) VALUES
(1, 'Capita The Black Snowboard Of Death 159', '<p style=\"line-height: 1.2;\"><span style=\"font-family: \'trebuchet ms\', geneva, sans-serif;\">The Black Snowboard of Death - один из самых известных сноубордов Capita. Пожалуй все, что в нем сохранилось от первой модели - это название. Сейчас это один из самых высокотехнологичных и резвых сноубордов во всей линейке, сочетающий в себе современные разработки компании и олдскульный дух настоящего пиратства. Направленная геометрия служит для восстановления баланса доски в глубоком снегу, а сочетание рокерного прогиба тейлов и положительного кембера между креплениями обеспечивают невероятный контроль над доской и мощнейший щелчок.&nbsp;</span></p>\r\n<div style=\"line-height: 1.2;\"><span style=\"font-family: \'trebuchet ms\', geneva, sans-serif;\"><strong>Жёсткость:</strong> средняя</span></div>\r\n<div style=\"line-height: 1.2;\"><span style=\"font-family: \'trebuchet ms\', geneva, sans-serif;\"><strong>Уровень: </strong>продвинутый / эксперт</span></div>\r\n<div style=\"line-height: 1.2;\"><span style=\"font-family: \'trebuchet ms\', geneva, sans-serif;\"><strong>Геометрия:</strong> directional</span></div>\r\n<div style=\"line-height: 1.2;\"><span style=\"font-family: \'trebuchet ms\', geneva, sans-serif;\"><strong>Назначение:</strong> фрирайд / универсальная</span></div>\r\n<div style=\"line-height: 1.2;\"><span style=\"font-family: \'trebuchet ms\', geneva, sans-serif;\"><strong>Прогиб:</strong> гибрид</span></div>', 0, 0, 0, 0, '319900', NULL, '2.50', 'male', '{\"title\": \"Capita The Black Snowboard Of Death 159\", \"description\": \"The Black Snowboard of Death - один из самых известных сноубордов Capita. Пожалуй все, что в нем сохранилось от первой модели - это название. Сейчас это один из самых высокотехнологичных и резвых сноубордов во всей линейке, сочетающий в себе современные разработки компании и олдскульный дух настоящего пиратства. Направленная геометрия служит для восстановления баланса доски в глубоком снегу, а сочетание рокерного прогиба тейлов и положительного кембера между креплениями обеспечивают невероятный контроль над доской и мощнейший щелчок.\"}', 2, 3, '2021-01-26 09:12:06', '2021-01-26 10:23:00', NULL),
(2, 'Capita The Outsiders 156', '<p style=\"line-height: 1.2;\"><span style=\"font-family: \'trebuchet ms\', geneva, sans-serif;\">Еще одна традиционная для Capita модель триумфально возвращается и в этом сезоне. The Outsiders - обладатель множества наград, победитель тестов и самое главное - выбор тысяч сноубордистов по всему миру. В этом сезоне их число можете пополнить и Вы, ведь этот сбалансированный и технологичный сноуборд от одного из лидеров индустрии будет максимально соответствовать ожиданиям.</span><br /><br /><span style=\"font-family: \'trebuchet ms\', geneva, sans-serif;\">Пока многие парковые доски делаются на основе плоского или обратного прогиба, The Outsider даже не задумывается о таких компромиссах - старый добрый кэмбер, и ничего более. Да, по краям доски есть плоские зоны для большей стабильности, но основа неизменна на протяжении многих сезонов, и именно она отвечает за тотальный контроль, который дает эта классическая технология. Конечно же доска симметрична (и геометрия, и жесткость), что дает максимальную свободу для фристайла. Все тот же легкий, но прочный сердечник в триаксиальной оплетке со вставками из арамидного и льняного волокна для амортизации, щелчка и торсионной жесткости. И, наконец, скользяк Quantum Drive&trade; с повышенной плотностью для максимальной износостойкости.</span><br /><br /><span style=\"font-family: \'trebuchet ms\', geneva, sans-serif;\">Как видите, ничего не поменялось - перед нами по-прежнему очень продуманная модель, отвечающая всем требованиям парковых райдеров, которые не прочь иногда прокатиться по трассе или ненадолго выйти за ее пределы. Легкая, комфортная, быстрая - идеальный вариант, если Вам требуется именно он.</span></p>\r\n<div>\r\n<div style=\"line-height: 1.2;\"><span style=\"font-family: \'trebuchet ms\', geneva, sans-serif;\"><strong>Жёсткость:</strong>&nbsp;средняя</span></div>\r\n<div style=\"line-height: 1.2;\"><span style=\"font-family: \'trebuchet ms\', geneva, sans-serif;\"><strong>Уровень:</strong>&nbsp;продвинутый</span></div>\r\n<div style=\"line-height: 1.2;\"><span style=\"font-family: \'trebuchet ms\', geneva, sans-serif;\"><strong>Геометрия:</strong>&nbsp;twin tip</span></div>\r\n<div style=\"line-height: 1.2;\"><span style=\"font-family: \'trebuchet ms\', geneva, sans-serif;\"><strong>Назначение:</strong>&nbsp;фристайл / универсальная / парк / джиб</span></div>\r\n<div style=\"line-height: 1.2;\"><span style=\"font-family: \'trebuchet ms\', geneva, sans-serif;\"><strong>Прогиб:</strong>&nbsp;гибрид</span></div>\r\n</div>', 0, 0, 0, 0, '258900', NULL, '2.50', 'male', '{\"title\": \"Capita The Outsiders 156\", \"description\": \"Еще одна традиционная для Capita модель триумфально возвращается и в этом сезоне. The Outsiders - обладатель множества наград, победитель тестов и самое главное - выбор тысяч сноубордистов по всему миру. В этом сезоне их число можете пополнить и Вы, ведь этот сбалансированный и технологичный сноуборд от одного из лидеров индустрии будет максимально соответствовать ожиданиям.  Пока многие парковые доски делаются на основе плоского или обратного прогиба, The Outsider даже не задумывается о таких компромиссах - старый добрый кэмбер, и ничего более. Да, по краям доски есть плоские зоны для большей стабильности, но основа неизменна на протяжении многих сезонов, и именно она отвечает за тотальный контроль, который дает эта классическая технология. Конечно же доска симметрична (и геометрия, и жесткость), что дает максимальную свободу для фристайла. Все тот же легкий, но прочный сердечник в триаксиальной оплетке со вставками из арамидного и льняного волокна для амортизации, щелчка и торсионной жесткости. И, наконец, скользяк Quantum Drive™ с повышенной плотностью для максимальной износостойкости.  Как видите, ничего не поменялось - перед нами по-прежнему очень продуманная модель, отвечающая всем требованиям парковых райдеров, которые не прочь иногда прокатиться по трассе или ненадолго выйти за ее пределы. Легкая, комфортная, быстрая - идеальный вариант, если Вам требуется именно он.\"}', 2, 3, '2021-01-26 09:40:30', '2021-01-26 10:23:25', NULL),
(3, 'Capita Mercury 157', '<p style=\"line-height: 1.2;\"><span style=\"font-family: \'trebuchet ms\', geneva, sans-serif;\">Взяв за основу еще одну легендарную модель брэнда - BSOD, в Capita сделали жесткую и супер-технологичную Mercury, которая идеально подходит как для всех видов катания по трассе и вне ее, так и для периодических заездов в парк. И уж определенно это не доска для новичков - с жесткостью 6.5 она будет слушаться малейшего Вашего движения, и если у Вас за плечами нет серьезного опыта катания, с этим будет непросто справиться.</span><br /><br /><span style=\"font-family: \'trebuchet ms\', geneva, sans-serif;\">Удобный и стабильный прогиб Resort V2: основная часть доски между креплениями имеет небольшой классический кэмбер, нос и хвост имеют рокерный прогиб за счет чего края доски плавно загибаются вверх с последующим резким подъемом. Плоское основание позволяет доске быть не только невероятно маневренной, но и стабильной на вылетах и приземлениях, а высоко задранные края позволят доске легче всплывать в глубоком снегу. Бамбуковые вставки для жесткости и щелчка, оплетка из стекловолокна Holysheet&trade; и радиус бокового выреза New Age Directional с технологией Death Grip&trade;. Привлекательная графика, обновленный скользяк HyperDrive&trade;, прочные боковые стенки, защищающие конструкцию сноуборда - как видите, все продумано и технологично. Настоящий шаттл в коллекции Capita, он готов умчать Вас куда угодно!</span></p>\r\n<div style=\"line-height: 1.2;\"><span style=\"font-family: \'trebuchet ms\', geneva, sans-serif;\"><strong>Жёсткость:</strong>&nbsp;средняя</span></div>\r\n<div style=\"line-height: 1.2;\"><span style=\"font-family: \'trebuchet ms\', geneva, sans-serif;\"><strong>Уровень:</strong>&nbsp;продвинутый / эксперт</span></div>\r\n<div style=\"line-height: 1.2;\"><span style=\"font-family: \'trebuchet ms\', geneva, sans-serif;\"><strong>Геометрия:</strong>&nbsp;directional twin</span></div>\r\n<div style=\"line-height: 1.2;\"><span style=\"font-family: \'trebuchet ms\', geneva, sans-serif;\"><strong>Назначение:</strong> фристайл / фрирайд / универсальная</span></div>\r\n<div style=\"line-height: 1.2;\"><span style=\"font-family: \'trebuchet ms\', geneva, sans-serif;\"><strong>Прогиб:</strong>&nbsp;гибрид</span></div>', 0, 0, 0, 0, '289900', NULL, '2.50', 'male', '{\"title\": \"Capita Mercury 157\", \"description\": \"Взяв за основу еще одну легендарную модель брэнда - BSOD, в Capita сделали жесткую и супер-технологичную Mercury, которая идеально подходит как для всех видов катания по трассе и вне ее, так и для периодических заездов в парк. И уж определенно это не доска для новичков - с жесткостью 6.5 она будет слушаться малейшего Вашего движения, и если у Вас за плечами нет серьезного опыта катания, с этим будет непросто справиться.  Удобный и стабильный прогиб Resort V2: основная часть доски между креплениями имеет небольшой классический кэмбер, нос и хвост имеют рокерный прогиб за счет чего края доски плавно загибаются вверх с последующим резким подъемом. Плоское основание позволяет доске быть не только невероятно маневренной, но и стабильной на вылетах и приземлениях, а высоко задранные края позволят доске легче всплывать в глубоком снегу. Бамбуковые вставки для жесткости и щелчка, оплетка из стекловолокна Holysheet™ и радиус бокового выреза New Age Directional с технологией Death Grip™. Привлекательная графика, обновленный скользяк HyperDrive™, прочные боковые стенки, защищающие конструкцию сноуборда - как видите, все продумано и технологично. Настоящий шаттл в коллекции Capita, он готов умчать Вас куда угодно!\"}', 2, 3, '2021-01-26 09:58:01', '2021-01-26 10:26:23', NULL),
(4, 'Capita Ultrafear 151', '<p style=\"line-height: 1.2;\"><span style=\"font-family: \'trebuchet ms\', geneva, sans-serif;\">Ultrafear вряд ли нуждается в дополнительном представлении, ведь это очередная легенда от одного из лидеров индустрии - одна из досок, с которой в принципе ассоциируется Capita у большинства сноубордистов по всему миру. Сбалансированный и стабильный сноуборд для фристайла во всех его проявлениях - от про-линии трамплинов в парке до уличных перил.</span><br /><br /><span style=\"font-family: \'trebuchet ms\', geneva, sans-serif;\">В этом сезоне доска предстала перед нами с узнаваемой рубленой геометрией и графикой, но главное, как обычно, скрывается под ними. Это прогиб Park V2 с плоским основанием между креплениями и рокерами на носу и хвосте (маневренность в парке и плавучесть в глубоком снегу), симметричная геометрия и жесткость, дающие максимальную свободу (теперь не имеет значения, какая стойка для Вас основная - доска одинаково стабильна), легкий и прочный сердечник из комбинации тополя и ясеня, специальная демпфирующая система Cork Edge, защищающая доску от ударов, вставки из кевлара и титанала для по-настоящему мощного щелчка и триаксиальная оплетка для лучшей торсионной жесткости.</span><br /><br /><span style=\"font-family: \'trebuchet ms\', geneva, sans-serif;\">Конечно же это не всё (с полным списком можно ознакомиться ниже), но даже этого хватило бы для того, чтобы называться хорошей доской. Правда, в Capita не хотят быть &laquo;просто хорошими&raquo;, их планка сильно выше, и Ultrafear ей вполне соответствует.</span></p>\r\n<div style=\"line-height: 1.2;\"><span style=\"font-family: \'trebuchet ms\', geneva, sans-serif;\"><strong>Жёсткость:&nbsp;</strong>средняя</span></div>\r\n<div style=\"line-height: 1.2;\"><span style=\"font-family: \'trebuchet ms\', geneva, sans-serif;\"><strong>Уровень:&nbsp;</strong>продвинутый</span></div>\r\n<div style=\"line-height: 1.2;\"><span style=\"font-family: \'trebuchet ms\', geneva, sans-serif;\"><strong>Геометрия:&nbsp;</strong>twin tip</span></div>\r\n<div style=\"line-height: 1.2;\"><span style=\"font-family: \'trebuchet ms\', geneva, sans-serif;\"><strong>Назначение:&nbsp;</strong>фристайл / универсальная / парк / джиб</span></div>\r\n<div style=\"line-height: 1.2;\"><span style=\"font-family: \'trebuchet ms\', geneva, sans-serif;\"><strong>Прогиб:</strong>&nbsp;гибрид</span></div>', 0, 0, 0, 0, '247900', NULL, '2.50', 'male', '{\"title\": \"Capita Ultrafear 151\", \"description\": \"Ultrafear вряд ли нуждается в дополнительном представлении, ведь это очередная легенда от одного из лидеров индустрии - одна из досок, с которой в принципе ассоциируется Capita у большинства сноубордистов по всему миру. Сбалансированный и стабильный сноуборд для фристайла во всех его проявлениях - от про-линии трамплинов в парке до уличных перил.  В этом сезоне доска предстала перед нами с узнаваемой рубленой геометрией и графикой, но главное, как обычно, скрывается под ними. Это прогиб Park V2 с плоским основанием между креплениями и рокерами на носу и хвосте (маневренность в парке и плавучесть в глубоком снегу), симметричная геометрия и жесткость, дающие максимальную свободу (теперь не имеет значения, какая стойка для Вас основная - доска одинаково стабильна), легкий и прочный сердечник из комбинации тополя и ясеня, специальная демпфирующая система Cork Edge, защищающая доску от ударов, вставки из кевлара и титанала для по-настоящему мощного щелчка и триаксиальная оплетка для лучшей торсионной жесткости.  Конечно же это не всё (с полным списком можно ознакомиться ниже), но даже этого хватило бы для того, чтобы называться хорошей доской. Правда, в Capita не хотят быть «просто хорошими», их планка сильно выше, и Ultrafear ей вполне соответствует.\"}', 2, 3, '2021-01-26 10:11:59', '2021-01-26 10:24:38', NULL),
(5, 'Capita Indoor Survival 156', '<p style=\"line-height: 1.2;\"><span style=\"font-family: \'trebuchet ms\', geneva, sans-serif;\">Еще один универсальный вариант с уклоном во фристайл в коллекции Capita этого сезона, и какой вариант! Indoor Survival уже много лет является одним из хитов бренда, занимая достойное место в сноупарках по всему миру.</span><br /><br /><span style=\"font-family: \'trebuchet ms\', geneva, sans-serif;\">Средняя жесткость, симметричная геометрия, прогиб Park V1 (основная часть доски между креплениями имеет небольшой классический кэмбер, переходящий в плоский прогиб) - все это поможет Вам сосредоточиться на катании, выполняя все задуманное, и половину задач она точно сможет решить без Вашего участия. Прочный и легкий деревянный сердечник из тополя и бука усилен карбоновыми вставками, а также имеет оплетку из биаксиального стекловолокна для лучшей торсионной жесткости и щелчка. Волокно Magic Bean, в составе которого находятся бобы, имеет самый высокий коэффициент прочности к весу, верхний слой Multitech&trade; Level 4, скользяк Quantum Drive&trade; - остальные компоненты тоже не подкачали, формируя в итоге стабильную конструкцию, готовую подняться с Вами еще на один уровень выше в стремлении к совершенству.</span></p>\r\n<div style=\"line-height: 1.2;\"><span style=\"font-family: \'trebuchet ms\', geneva, sans-serif;\"><strong>Жёсткость:</strong>&nbsp;средняя</span></div>\r\n<div style=\"line-height: 1.2;\"><span style=\"font-family: \'trebuchet ms\', geneva, sans-serif;\"><strong>Уровень:&nbsp;</strong>продвинутый / эксперт</span></div>\r\n<div style=\"line-height: 1.2;\"><span style=\"font-family: \'trebuchet ms\', geneva, sans-serif;\"><strong>Геометрия:</strong>&nbsp;twin tip</span></div>\r\n<div style=\"line-height: 1.2;\"><span style=\"font-family: \'trebuchet ms\', geneva, sans-serif;\"><strong>Назначение:</strong>&nbsp;</span><span style=\"font-family: \'trebuchet ms\', geneva, sans-serif;\">фристайл / универсальная / парк / джиб</span></div>\r\n<div style=\"line-height: 1.2;\"><span style=\"font-family: \'trebuchet ms\', geneva, sans-serif;\"><strong>Прогиб:</strong>&nbsp;гибрид</span></div>', 0, 0, 0, 0, '221900', NULL, '2.50', 'male', '{\"title\": \"Capita Indoor Survival 156\", \"description\": \"Еще один универсальный вариант с уклоном во фристайл в коллекции Capita этого сезона, и какой вариант! Indoor Survival уже много лет является одним из хитов бренда, занимая достойное место в сноупарках по всему миру.  Средняя жесткость, симметричная геометрия, прогиб Park V1 (основная часть доски между креплениями имеет небольшой классический кэмбер, переходящий в плоский прогиб) - все это поможет Вам сосредоточиться на катании, выполняя все задуманное, и половину задач она точно сможет решить без Вашего участия. Прочный и легкий деревянный сердечник из тополя и бука усилен карбоновыми вставками, а также имеет оплетку из биаксиального стекловолокна для лучшей торсионной жесткости и щелчка. Волокно Magic Bean, в составе которого находятся бобы, имеет самый высокий коэффициент прочности к весу, верхний слой Multitech™ Level 4, скользяк Quantum Drive™ - остальные компоненты тоже не подкачали, формируя в итоге стабильную конструкцию, готовую подняться с Вами еще на один уровень выше в стремлении к совершенству.\"}', 2, 3, '2021-01-26 10:32:31', '2021-01-26 10:32:31', NULL),
(6, 'Capita Scott Stevens Mini 120', '<p style=\"line-height: 1.2;\"><span style=\"font-family: \'trebuchet ms\', geneva, sans-serif;\">Про-модель одного из самых креативных и известных райдеров даже не в команде Capita - во всем мире - уже второй сезон подряд имеет свою мини-версию для подрастающих сноубордистов. И если Вашему юному чемпиону нужна новая доска, начните поиск с этого варианта. В принципе, на нём же можно его и закончить, ведь доска безупречна!</span><br /><br /><span style=\"font-family: \'trebuchet ms\', geneva, sans-serif;\">Небольшая жесткость будет прощать ошибки, прогиб Park Mini поможет прогрессировать как на линиях в парке так и за пределами подготовленных трасс, а симметричная геометрия и жесткость Twin не будут делать разницы между тем, какой ногой вперед едет юный падаван. Прочный скользяк XXX[TRUDED]&trade;, легкий сердечник, волокно Micro-Glass и верхний слой PAM16000&trade; - да в этой доске больше технологий, чем во многих взрослых моделях! Так что, как видите, Scott Stevens Mini явно заслуживает внимания. Уж на ближайшие несколько сезонов как минимум.</span></p>\r\n<div style=\"line-height: 1.2;\"><span style=\"font-family: \'trebuchet ms\', geneva, sans-serif;\"><strong>Жёсткость:</strong>&nbsp;средняя</span></div>\r\n<div style=\"line-height: 1.2;\"><span style=\"font-family: \'trebuchet ms\', geneva, sans-serif;\"><strong>Уровень:&nbsp;</strong>продвинутый / эксперт</span></div>\r\n<div style=\"line-height: 1.2;\"><span style=\"font-family: \'trebuchet ms\', geneva, sans-serif;\"><strong>Геометрия:</strong>&nbsp;directional</span></div>\r\n<div style=\"line-height: 1.2;\"><span style=\"font-family: \'trebuchet ms\', geneva, sans-serif;\"><strong>Назначение:</strong>&nbsp;фрирайд / универсальная</span></div>\r\n<div style=\"line-height: 1.2;\"><span style=\"font-family: \'trebuchet ms\', geneva, sans-serif;\"><strong>Прогиб:</strong>&nbsp;гибрид</span></div>', 0, 0, 0, 0, '129900', NULL, '2.00', 'child', '{\"title\": \"Capita Scott Stevens Mini 120\", \"description\": \"Про-модель одного из самых креативных и известных райдеров даже не в команде Capita - во всем мире - уже второй сезон подряд имеет свою мини-версию для подрастающих сноубордистов. И если Вашему юному чемпиону нужна новая доска, начните поиск с этого варианта. В принципе, на нём же можно его и закончить, ведь доска безупречна!  Небольшая жесткость будет прощать ошибки, прогиб Park Mini поможет прогрессировать как на линиях в парке так и за пределами подготовленных трасс, а симметричная геометрия и жесткость Twin не будут делать разницы между тем, какой ногой вперед едет юный падаван. Прочный скользяк XXX[TRUDED]™, легкий сердечник, волокно Micro-Glass и верхний слой PAM16000™ - да в этой доске больше технологий, чем во многих взрослых моделях! Так что, как видите, Scott Stevens Mini явно заслуживает внимания. Уж на ближайшие несколько сезонов как минимум.\"}', 2, 3, '2021-01-26 10:45:47', '2021-01-26 10:45:47', NULL),
(7, 'Capita Paradise FW20 145', '<p style=\"line-height: 1.2;\"><span style=\"font-family: \'trebuchet ms\', geneva, sans-serif;\">Фристайл или трассовое катание - эта Capita Paradise с легкостью справится с любым вариантом, ведь брэнд специализируется именно на таких моделях. Небольшой рокер между креплениями, обратный прогиб на носу и хвосте - такой вариант покажет максимальную стабильность на скорости и жестком склоне и в то же время поплывет в глубоком снегу. Симметричная геометрия для приземлений и катания в свиче, прочный сердечник из древесины тополя и бука, титаналовые вставки для отличного щелчка и продольной жесткости и обновленный скользяк Superdrive&trade; Ex, хорошо впитывающий и задерживающий парафин, что препятствует его быстрому высыханию. Конечно, это не все ее опции, но даже перечисленного хватит, чтобы понять, что перед нами отличный сноуборд. Впрочем, у Capita других и не бывает.</span></p>\r\n<div style=\"line-height: 1.2;\"><span style=\"font-family: \'trebuchet ms\', geneva, sans-serif;\"><strong>Жёсткость:</strong>&nbsp;средняя</span></div>\r\n<div style=\"line-height: 1.2;\"><span style=\"font-family: \'trebuchet ms\', geneva, sans-serif;\"><strong>Уровень:&nbsp;</strong>продвинутый / эксперт</span></div>\r\n<div style=\"line-height: 1.2;\"><span style=\"font-family: \'trebuchet ms\', geneva, sans-serif;\"><strong>Геометрия:</strong>&nbsp;twin tip</span></div>\r\n<div style=\"line-height: 1.2;\"><span style=\"font-family: \'trebuchet ms\', geneva, sans-serif;\"><strong>Назначение:</strong>&nbsp;фристайл / универсальная</span></div>\r\n<div style=\"line-height: 1.2;\"><span style=\"font-family: \'trebuchet ms\', geneva, sans-serif;\"><strong>Прогиб:</strong>&nbsp;гибрид</span></div>', 0, 0, 0, 0, '214900', NULL, '2.50', 'female', '{\"title\": \"Capita Paradise FW20 145\", \"description\": \"Фристайл или трассовое катание - эта Capita Paradise с легкостью справится с любым вариантом, ведь брэнд специализируется именно на таких моделях. Небольшой рокер между креплениями, обратный прогиб на носу и хвосте - такой вариант покажет максимальную стабильность на скорости и жестком склоне и в то же время поплывет в глубоком снегу. Симметричная геометрия для приземлений и катания в свиче, прочный сердечник из древесины тополя и бука, титаналовые вставки для отличного щелчка и продольной жесткости и обновленный скользяк Superdrive™ Ex, хорошо впитывающий и задерживающий парафин, что препятствует его быстрому высыханию. Конечно, это не все ее опции, но даже перечисленного хватит, чтобы понять, что перед нами отличный сноуборд. Впрочем, у Capita других и не бывает.\"}', 2, 3, '2021-01-26 12:06:01', '2021-01-26 12:06:01', NULL),
(8, 'Capita Paradise FW19 147', '<p style=\"line-height: 1.2;\"><span style=\"font-family: \'trebuchet ms\', geneva, sans-serif;\">Поколения сменяются, солнце садится и поднимается - всё уже было. Сноуборд Paradise от команды CAPiTA идеально сбалансированная женская версия Outerspace. Эта доска для фрирайда сочетает динамичность и стабильность в мягком паудере райских лесных участков, на целине и даже в парке. Профиль с кэмбером между креплениями для стабильности и отзывчивости и поднятыми в рокер носом и хвостом поможет избегать ошибок и прибавит уверенности.</span></p>\r\n<div style=\"line-height: 1.2;\"><span style=\"font-family: \'trebuchet ms\', geneva, sans-serif;\"><strong>Жёсткость:</strong>&nbsp;средняя</span></div>\r\n<div style=\"line-height: 1.2;\"><span style=\"font-family: \'trebuchet ms\', geneva, sans-serif;\"><strong>Уровень:</strong>&nbsp;продвинутый</span></div>\r\n<div style=\"line-height: 1.2;\"><span style=\"font-family: \'trebuchet ms\', geneva, sans-serif;\"><strong>Геометрия:</strong>&nbsp;twin tip</span></div>\r\n<div style=\"line-height: 1.2;\"><span style=\"font-family: \'trebuchet ms\', geneva, sans-serif;\"><strong>Назначение:</strong> фрирайд / универсальная</span></div>\r\n<div style=\"line-height: 1.2;\"><span style=\"font-family: \'trebuchet ms\', geneva, sans-serif;\"><strong>Прогиб:</strong> гибрид</span></div>\r\n<p style=\"line-height: 1.2;\">&nbsp;</p>', 0, 0, 0, 0, '214900', NULL, '2.50', 'female', '{\"title\": \"Capita Paradise FW19 147\", \"description\": \"Поколения сменяются, солнце садится и поднимается - всё уже было. Сноуборд Paradise от команды CAPiTA идеально сбалансированная женская версия Outerspace. Эта доска для фрирайда сочетает динамичность и стабильность в мягком паудере райских лесных участков, на целине и даже в парке. Профиль с кэмбером между креплениями для стабильности и отзывчивости и поднятыми в рокер носом и хвостом поможет избегать ошибок и прибавит уверенности.\"}', 2, 3, '2021-01-26 12:25:29', '2021-01-26 12:25:29', NULL),
(9, 'Capita Space Metal Fantasy FW19 149', '<p style=\"line-height: 1.2;\"><span style=\"font-family: \'trebuchet ms\', geneva, sans-serif;\">Перед Вами - победитель самых известных тестов, проводимых журналом Transworld Snowboarding, - Good Wood. Эта доска стала первой в категории Best of Test, а это значит (как минимум), что перед нами качественный и надежный сноуборд, который оказался хорош по всем параметрам. Что, впрочем, неудивительно - симметричный твин со средней жесткостью, удобный и универсальный прогиб Freedom V2 с плоским основанием и поднятыми в рокер носом и хвостом, прочный сердечник из тополя и оплетка из стекловолокна с волокном Magic Bean, в составе которого находятся бобы, имеет самый высокий коэффициент прочности к весу. У Capita всегда получались отличные доски как для фристайла, так и для обычного катания по трассам, и эта - не исключение. Отличный универсал, который готов пережить с Вами вместе ближайшие несколько сезонов.</span></p>\r\n<div style=\"line-height: 1.2;\"><span style=\"font-family: \'trebuchet ms\', geneva, sans-serif;\"><strong>Жёсткость:</strong>&nbsp;средняя</span></div>\r\n<div style=\"line-height: 1.2;\"><span style=\"font-family: \'trebuchet ms\', geneva, sans-serif;\"><strong>Уровень:</strong>&nbsp;продвинутый</span></div>\r\n<div style=\"line-height: 1.2;\"><span style=\"font-family: \'trebuchet ms\', geneva, sans-serif;\"><strong>Геометрия:</strong>&nbsp;twin tip</span></div>\r\n<div style=\"line-height: 1.2;\"><span style=\"font-family: \'trebuchet ms\', geneva, sans-serif;\"><strong>Назначение:</strong> фристайл / универсальная</span></div>\r\n<div style=\"line-height: 1.2;\"><span style=\"font-family: \'trebuchet ms\', geneva, sans-serif;\"><strong>Прогиб:</strong> плоский</span></div>\r\n<p style=\"line-height: 1.2;\">&nbsp;</p>', 0, 0, 0, 0, '180900', NULL, '2.50', 'female', '{\"title\": \"Capita Space Metal Fantasy FW19 149\", \"description\": \"Перед Вами - победитель самых известных тестов, проводимых журналом Transworld Snowboarding, - Good Wood. Эта доска стала первой в категории Best of Test, а это значит (как минимум), что перед нами качественный и надежный сноуборд, который оказался хорош по всем параметрам. Что, впрочем, неудивительно - симметричный твин со средней жесткостью, удобный и универсальный прогиб Freedom V2 с плоским основанием и поднятыми в рокер носом и хвостом, прочный сердечник из тополя и оплетка из стекловолокна с волокном Magic Bean, в составе которого находятся бобы, имеет самый высокий коэффициент прочности к весу. У Capita всегда получались отличные доски как для фристайла, так и для обычного катания по трассам, и эта - не исключение. Отличный универсал, который готов пережить с Вами вместе ближайшие несколько сезонов.\"}', 2, 3, '2021-01-26 13:09:29', '2021-01-26 13:09:29', NULL),
(10, 'Capita SB Diamond Tail', '<p style=\"line-height: 1.2;\"><span style=\"font-family: \'trebuchet ms\', geneva, sans-serif;\">Серия Spring Break у Capita Snowboards никогда не была похожа на другие доски, всегда выделялась и была узнаваема издалека. В этом сезоне ничего не поменялось, перед нами опять яркая и эффектная коллекция, которая выделит Вас на склоне (и за его пределами).</span><br /><br /><span style=\"font-family: \'trebuchet ms\', geneva, sans-serif;\">Diamond Tail - это шортборд в единственной ростовке, предназначенный для того, чтобы сделать Ваше катание максимально похожим на скейтбординг - таким же фановым, быстрым и маневренным. Обладатель награды Snowboard Magazine Platinum Pick получил ее определенно не зря, модель получилась идеальной, соответствуя поставленным перед нею задачам на 100%. Прогиб Surf Rocker Profile поможет ей плыть и выплывать, направленная геометрия подстрахует даже в самом глубоком снегу, а тополиный сердечник Surflite 2.0 Core&trade;, дополненный вставками Forged Carbon Quad Packs, созданными совместно с Union Bindings, гарантирует великолепный щелчок и стабильность. Как видите, есть всё, чтобы в лучшие дни сезона осознать, что они лучшие!</span><br /><br /><span style=\"font-family: \'trebuchet ms\', geneva, sans-serif;\">Эта доска не должна быть единственной для всего. Но будет идеальным выбором в качестве второго снаряда для паудера. Настало время правильных решений.</span></p>\r\n<div style=\"line-height: 1.2;\"><span style=\"font-family: \'trebuchet ms\', geneva, sans-serif;\"><strong>Жёсткость:</strong>&nbsp;средняя</span></div>\r\n<div style=\"line-height: 1.2;\"><span style=\"font-family: \'trebuchet ms\', geneva, sans-serif;\"><strong>Уровень:&nbsp;</strong>продвинутый / эксперт</span></div>\r\n<div style=\"line-height: 1.2;\"><span style=\"font-family: \'trebuchet ms\', geneva, sans-serif;\"><strong>Геометрия:</strong>&nbsp;directional</span></div>\r\n<div style=\"line-height: 1.2;\"><span style=\"font-family: \'trebuchet ms\', geneva, sans-serif;\"><strong>Назначение:</strong>&nbsp;фрирайд</span></div>\r\n<div style=\"line-height: 1.2;\"><span style=\"font-family: \'trebuchet ms\', geneva, sans-serif;\"><strong>Прогиб:</strong>&nbsp;гибрид</span></div>', 0, 0, 0, 0, '500000', NULL, '2.50', 'male', '{\"title\": \"Capita SB Diamond Tail\", \"description\": \"Серия Spring Break у Capita Snowboards никогда не была похожа на другие доски, всегда выделялась и была узнаваема издалека. В этом сезоне ничего не поменялось, перед нами опять яркая и эффектная коллекция, которая выделит Вас на склоне (и за его пределами).  Diamond Tail - это шортборд в единственной ростовке, предназначенный для того, чтобы сделать Ваше катание максимально похожим на скейтбординг - таким же фановым, быстрым и маневренным. Обладатель награды Snowboard Magazine Platinum Pick получил ее определенно не зря, модель получилась идеальной, соответствуя поставленным перед нею задачам на 100%. Прогиб Surf Rocker Profile поможет ей плыть и выплывать, направленная геометрия подстрахует даже в самом глубоком снегу, а тополиный сердечник Surflite 2.0 Core™, дополненный вставками Forged Carbon Quad Packs, созданными совместно с Union Bindings, гарантирует великолепный щелчок и стабильность. Как видите, есть всё, чтобы в лучшие дни сезона осознать, что они лучшие!  Эта доска не должна быть единственной для всего. Но будет идеальным выбором в качестве второго снаряда для паудера. Настало время правильных решений.  Жёсткость: средняя Уровень: продвинутый / эксперт Геометрия: directional Назначение: фрирайд Прогиб: гибрид\"}', 2, 3, '2021-01-27 08:55:01', '2021-01-27 08:55:01', NULL),
(11, 'GNU T2B 155', '<p style=\"line-height: 1.2;\"><span style=\"font-family: \'trebuchet ms\', geneva, sans-serif;\">Обновленная модель T2B с направленной геометрией и увеличенной жесткостью. Прыжки с трамплинов, бэккантри-фристайл, стрит - вместе с этим сноубордом возможно абсолютно все! За счет прогиба C2 - выраженный рокер между зонами креплений с мягким эллиптическим кэмбером в зоне за закладными - доска отлично ведет себя на всех типах рельефа. Асимметричный шейп с разными радиусами бокового выреза и более мягким сердечником в районе заднего канта поднимет Вас на уровень выше и позволит в полной мере наслаждаться катанием. Конечно же, технология Magne-Traction, легкий и прочный сердечник из осины и павловнии, комбинированное стекловолокно - перед Вами доска, которая поможет Вам прогрессировать с каждым новым сезоном.</span></p>\r\n<div style=\"line-height: 1.2;\"><span style=\"font-family: \'trebuchet ms\', geneva, sans-serif;\"><strong>Жёсткость:</strong>&nbsp;средняя</span></div>\r\n<div style=\"line-height: 1.2;\"><span style=\"font-family: \'trebuchet ms\', geneva, sans-serif;\"><strong>Уровень:&nbsp;</strong>продвинутый / эксперт</span></div>\r\n<div style=\"line-height: 1.2;\"><span style=\"font-family: \'trebuchet ms\', geneva, sans-serif;\"><strong>Геометрия:</strong>&nbsp;directional</span></div>\r\n<div style=\"line-height: 1.2;\"><span style=\"font-family: \'trebuchet ms\', geneva, sans-serif;\"><strong>Назначение:</strong>&nbsp;фристайл / универсальная</span></div>\r\n<div style=\"line-height: 1.2;\"><span style=\"font-family: \'trebuchet ms\', geneva, sans-serif;\"><strong>Прогиб:</strong>&nbsp;гибрид</span></div>', 0, 0, 0, 0, '267900', NULL, '2.50', 'male', '{\"title\": \"GNU T2B 155\", \"description\": \"Обновленная модель T2B с направленной геометрией и увеличенной жесткостью. Прыжки с трамплинов, бэккантри-фристайл, стрит - вместе с этим сноубордом возможно абсолютно все! За счет прогиба C2 - выраженный рокер между зонами креплений с мягким эллиптическим кэмбером в зоне за закладными - доска отлично ведет себя на всех типах рельефа. Асимметричный шейп с разными радиусами бокового выреза и более мягким сердечником в районе заднего канта поднимет Вас на уровень выше и позволит в полной мере наслаждаться катанием. Конечно же, технология Magne-Traction, легкий и прочный сердечник из осины и павловнии, комбинированное стекловолокно - перед Вами доска, которая поможет Вам прогрессировать с каждым новым сезоном.  Жёсткость: средняя Уровень: продвинутый / эксперт Геометрия: directional Назначение: фристайл / универсальная Прогиб: гибрид\"}', 3, 3, '2021-01-27 09:03:54', '2021-01-27 09:03:54', NULL),
(12, 'GNU Billy Goat 159', '<p style=\"line-height: 1.2;\"><span style=\"font-family: \'trebuchet ms\', geneva, sans-serif;\">Billy Goat выпускается GNU уже далеко не первый год, и в этом сезоне она все так же хороша, как и во всех предыдущих. Универсальная модель, она предназначена практически для всего и будет в полной мере отвечать Вашим запросам. Для этого сноуборд имеет стабильный и хорошо управляемый прогиб C3 Camber с выраженным вдоль всей доски кембером и мягким рокером между креплений, направленную геометрию, которая позволяет доске всплывать в условиях глубокого снега и сохранять отличную устойчивость на трассе. Magne-Traction, прочный сердечник, быстрый скользяк? И это тоже в наличии. Графику к Billy Goat традиционно делал Adam Haynes - так что с какой стороны ни посмотри, идеальная доска.</span></p>\r\n<div style=\"line-height: 1.2;\"><span style=\"font-family: \'trebuchet ms\', geneva, sans-serif;\"><strong>Жёсткость:</strong> жесткая</span></div>\r\n<div style=\"line-height: 1.2;\"><span style=\"font-family: \'trebuchet ms\', geneva, sans-serif;\"><strong>Уровень:&nbsp;</strong>продвинутый / эксперт</span></div>\r\n<div style=\"line-height: 1.2;\"><span style=\"font-family: \'trebuchet ms\', geneva, sans-serif;\"><strong>Геометрия:</strong>&nbsp;directional</span></div>\r\n<div style=\"line-height: 1.2;\"><span style=\"font-family: \'trebuchet ms\', geneva, sans-serif;\"><strong>Назначение:</strong>&nbsp;фрирайд / универсальная</span></div>\r\n<div style=\"line-height: 1.2;\"><span style=\"font-family: \'trebuchet ms\', geneva, sans-serif;\"><strong>Прогиб:</strong>&nbsp;гибрид</span></div>', 0, 0, 0, 0, '329900', NULL, '2.50', 'male', '{\"title\": \"GNU Billy Goat 159\", \"description\": \"Billy Goat выпускается GNU уже далеко не первый год, и в этом сезоне она все так же хороша, как и во всех предыдущих. Универсальная модель, она предназначена практически для всего и будет в полной мере отвечать Вашим запросам. Для этого сноуборд имеет стабильный и хорошо управляемый прогиб C3 Camber с выраженным вдоль всей доски кембером и мягким рокером между креплений, направленную геометрию, которая позволяет доске всплывать в условиях глубокого снега и сохранять отличную устойчивость на трассе. Magne-Traction, прочный сердечник, быстрый скользяк? И это тоже в наличии. Графику к Billy Goat традиционно делал Adam Haynes - так что с какой стороны ни посмотри, идеальная доска.  Жёсткость: средняя Уровень: продвинутый / эксперт Геометрия: directional Назначение: фрирайд / универсальная Прогиб: гибрид\"}', 3, 3, '2021-01-27 09:17:06', '2021-01-27 09:49:14', NULL),
(13, 'GNU Mullair 155', '<p style=\"line-height: 1.2;\"><span style=\"font-family: \'trebuchet ms\', geneva, sans-serif;\">Про-модель Николаса Мюллера - жесткая, легкая, цепкая и стабильная, как и его невероятно крутой стиль, поможет прогрессировать в погоне за новыми достижениями и высотами. Прогиб C3 с сильно выраженным вдоль всей доски кэмбером и с мягким рокером между креплений для отличных ощущений даже в условиях глубокого снега, направленная геометрия Directional для устойчивости на трассе, а также технология Magne-Traction для спокойствия даже на самых плохих покрытиях и экологичные материалы и использованные для создания сердечника, крышки, скользяка и оплетки в угоду спасения планеты. Такую модель определенно не отпустишь в надежде на то, что она все сделает сама, она за это накажет. Но если Вашего уровня хватает на то, чтобы осознанно управлять ею, то получится отличный тандем, который поможет развивать Ваши навыки от спуска к спуску.</span></p>\r\n<div style=\"line-height: 1.2;\"><span style=\"font-family: \'trebuchet ms\', geneva, sans-serif;\"><strong>Жёсткость:</strong> жесткая</span></div>\r\n<div style=\"line-height: 1.2;\"><span style=\"font-family: \'trebuchet ms\', geneva, sans-serif;\"><strong>Уровень:&nbsp;</strong>продвинутый / эксперт</span></div>\r\n<div style=\"line-height: 1.2;\"><span style=\"font-family: \'trebuchet ms\', geneva, sans-serif;\"><strong>Геометрия:</strong>&nbsp;directional</span></div>\r\n<div style=\"line-height: 1.2;\"><span style=\"font-family: \'trebuchet ms\', geneva, sans-serif;\"><strong>Назначение:</strong>&nbsp;фрирайд / универсальная</span></div>\r\n<div style=\"line-height: 1.2;\"><span style=\"font-family: \'trebuchet ms\', geneva, sans-serif;\"><strong>Прогиб:</strong>&nbsp;гибрид</span></div>', 0, 0, 0, 0, '359900', NULL, '2.50', 'male', '{\"title\": \"GNU Mullair 155\", \"description\": \"Про-модель Николаса Мюллера - жесткая, легкая, цепкая и стабильная, как и его невероятно крутой стиль, поможет прогрессировать в погоне за новыми достижениями и высотами. Прогиб C3 с сильно выраженным вдоль всей доски кэмбером и с мягким рокером между креплений для отличных ощущений даже в условиях глубокого снега, направленная геометрия Directional для устойчивости на трассе, а также технология Magne-Traction для спокойствия даже на самых плохих покрытиях и экологичные материалы и использованные для создания сердечника, крышки, скользяка и оплетки в угоду спасения планеты. Такую модель определенно не отпустишь в надежде на то, что она все сделает сама, она за это накажет. Но если Вашего уровня хватает на то, чтобы осознанно управлять ею, то получится отличный тандем, который поможет развивать Ваши навыки от спуска к спуску.  Жёсткость: средняя Уровень: продвинутый / эксперт Геометрия: directional Назначение: фрирайд / универсальная Прогиб: гибрид\"}', 3, 3, '2021-01-27 09:54:09', '2021-01-27 09:58:16', NULL),
(14, 'GNU Klassy 151', '<p style=\"line-height: 1.2;\"><span style=\"font-family: \'trebuchet ms\', geneva, sans-serif;\">Уже не первый сезон GNU Klassy выпускается при активном содействии Kaitlyn Farrington, сноубордистки с мировым именем, олимпийской чемпионки в хафпайпе и победительницы Европейских X-Games. Про-модель предлагает Вам производительность, сбалансированную конструкцию с отличными техническими характеристиками и красивую графику. Сноуборд оснащен прогибом С2X с более короткой, но агрессивной линией рокера и плавным кэмбером - он создан для быстрой езды, маневренности, отлично ведет себя как в глубоком снегу, так и при скоростном трассовом катании. У снаряда направленная геометрия Directional, которая помогает и всплывать в свежем паудере, и резать размашистые дуги, а за контроль отвечает волнообразный кант Magne-Traction и 7 его контактных точек. Отличный выбор для быстрого прогресса и высоких результатов.</span></p>\r\n<div style=\"line-height: 1.2;\"><span style=\"font-family: \'trebuchet ms\', geneva, sans-serif;\"><strong>Жёсткость:</strong> средняя</span></div>\r\n<div style=\"line-height: 1.2;\"><span style=\"font-family: \'trebuchet ms\', geneva, sans-serif;\"><strong>Уровень:&nbsp;</strong>продвинутый / эксперт</span></div>\r\n<div style=\"line-height: 1.2;\"><span style=\"font-family: \'trebuchet ms\', geneva, sans-serif;\"><strong>Геометрия:</strong>&nbsp;directional</span></div>\r\n<div style=\"line-height: 1.2;\"><span style=\"font-family: \'trebuchet ms\', geneva, sans-serif;\"><strong>Назначение:</strong>&nbsp;фрирайд / универсальная</span></div>\r\n<div style=\"line-height: 1.2;\"><span style=\"font-family: \'trebuchet ms\', geneva, sans-serif;\"><strong>Прогиб:</strong>&nbsp;гибрид</span></div>', 0, 0, 0, 0, '307900', NULL, '2.50', 'male', '{\"title\": \"GNU Klassy 151\", \"description\": \"Уже не первый сезон GNU Klassy выпускается при активном содействии Kaitlyn Farrington, сноубордистки с мировым именем, олимпийской чемпионки в хафпайпе и победительницы Европейских X-Games. Про-модель предлагает Вам производительность, сбалансированную конструкцию с отличными техническими характеристиками и красивую графику. Сноуборд оснащен прогибом С2X с более короткой, но агрессивной линией рокера и плавным кэмбером - он создан для быстрой езды, маневренности, отлично ведет себя как в глубоком снегу, так и при скоростном трассовом катании. У снаряда направленная геометрия Directional, которая помогает и всплывать в свежем паудере, и резать размашистые дуги, а за контроль отвечает волнообразный кант Magne-Traction и 7 его контактных точек. Отличный выбор для быстрого прогресса и высоких результатов.  Жёсткость: средняя Уровень: продвинутый / эксперт Геометрия: directional Назначение: фрирайд / универсальная Прогиб: гибрид\"}', 3, 3, '2021-01-27 09:59:22', '2021-01-27 09:59:22', NULL),
(15, 'GNU 4 153', '<p style=\"line-height: 1.2;\"><span style=\"font-family: \'trebuchet ms\', geneva, sans-serif;\">Безграничное воображение заставляет Forest Bailey выражать себя на сноуборде всеми возможными способами - и GNU 4 отвечает всем его потребностям. Перед Вами универсальная доска, представляющая собой отличное сочетание цены и качества. Что касается технологий - это великолепный набор из прогиба C3 Camber, который по достоинству оценят опытные райдеры, Magne-Traction для хорошего сцепления с ледяными участками парка или склонов, легкого и прочного сердечника из древесины павловинии и осины, а также&nbsp; трехосевой и двухосевой оплетки, прочных боковых стенок и быстрого спеченного скользяка.</span></p>\r\n<div style=\"line-height: 1.2;\"><span style=\"font-family: \'trebuchet ms\', geneva, sans-serif;\"><strong>Жёсткость:</strong>&nbsp;жесткая</span></div>\r\n<div style=\"line-height: 1.2;\"><span style=\"font-family: \'trebuchet ms\', geneva, sans-serif;\"><strong>Уровень:&nbsp;</strong>продвинутый / эксперт</span></div>\r\n<div style=\"line-height: 1.2;\"><span style=\"font-family: \'trebuchet ms\', geneva, sans-serif;\"><strong>Геометрия:</strong>&nbsp;directional</span></div>\r\n<div style=\"line-height: 1.2;\"><span style=\"font-family: \'trebuchet ms\', geneva, sans-serif;\"><strong>Назначение:</strong> фристайл / универсальная</span></div>\r\n<div style=\"line-height: 1.2;\"><span style=\"font-family: \'trebuchet ms\', geneva, sans-serif;\"><strong>Прогиб:</strong>&nbsp;гибрид&nbsp;</span></div>', 0, 0, 0, 0, '329900', NULL, '2.50', 'male', '{\"title\": \"GNU 4 153\", \"description\": \"Безграничное воображение заставляет Forest Bailey выражать себя на сноуборде всеми возможными способами - и GNU 4 отвечает всем его потребностям. Перед Вами универсальная доска, представляющая собой отличное сочетание цены и качества. Что касается технологий - это великолепный набор из прогиба C3 Camber, который по достоинству оценят опытные райдеры, Magne-Traction для хорошего сцепления с ледяными участками парка или склонов, легкого и прочного сердечника из древесины павловинии и осины, а также  трехосевой и двухосевой оплетки, прочных боковых стенок и быстрого спеченного скользяка.  Жёсткость: жесткая Уровень: продвинутый / эксперт Геометрия: directional Назначение: фристайл / универсальная Прогиб: гибрид\"}', 3, 3, '2021-01-27 10:03:52', '2021-01-27 10:03:52', NULL),
(16, 'Lib Tech MC Snake Kink 159', '<p style=\"line-height: 1.2;\"><span style=\"font-family: \'trebuchet ms\', geneva, sans-serif;\">Эту доску Вы наверняка узнаете издалека. Она стала еще ярче и заметнее, чем в прошлом сезоне, хотя тогда это казалось невозможным. Но для Мэтта Камминса и Дэмиана Фултона нет ничего невозможного, и вот уже Radical Rick на своем велосипеде покоряет очередной MC Snake Kink.</span><br /><br /><span style=\"font-family: \'trebuchet ms\', geneva, sans-serif;\">Очередная экспериментальная модель для фрирайда, над которой работал Мэтт, получилась вполне себе универсальной, ведь отсутствие свежего снега не отменяет катания, а Snake Kink прекрасно чувствует себя как в метре паудера так и на жестком утреннем вельвете. Прогиб С3 (cильно выраженный вдоль всей доски кэмбер, с мягким рокером между креплений) - гарантия стабильности и уверенности на любом рельефе (а поможет этому обязательный для досок Lib Tech Magne-Traction), направленная геометрия Directional с более удлиненным носом относительно хвоста подстрахует в глубом снегу, а сердечник Original Power с оплеткой из комбинированного стекловолокна обеспечит общую жесткость и невероятный щелчок. Как видите, несмотря на ориентирование на внетрассовое катание, Snake Kink отлично будет себя чувствовать и в любых других условиях. Отдельно стоит упомянуть про графику. Ее автором уже не в первый раз стал Дэмиан Фултон - настоящая легенда, между прочим, как и Мэтт Камминс. В прошлом арт-директор Marvel Comics (что само по себе уровень), он начал свой творческий путь очень давно, и уже много лет назад влюбил в своего мульт-героя Радикального Рика множество будущих экстремалов по всему миру. В те времена Lib Tech была молодой командой, которой явно не хватало авторитета, чтобы обратиться к Дэмиану, но 25 лет спустя их совместная работа состоялась, и это еще один показатель того, что для настоящих мечтателей нет ничего невозможного!</span></p>\r\n<div style=\"line-height: 1.2;\"><span style=\"font-family: \'trebuchet ms\', geneva, sans-serif;\"><strong>Жёсткость:</strong>&nbsp;средняя</span></div>\r\n<div style=\"line-height: 1.2;\"><span style=\"font-family: \'trebuchet ms\', geneva, sans-serif;\"><strong>Уровень:&nbsp;</strong>продвинутый / эксперт</span></div>\r\n<div style=\"line-height: 1.2;\"><span style=\"font-family: \'trebuchet ms\', geneva, sans-serif;\"><strong>Геометрия:</strong>&nbsp;directional</span></div>\r\n<div style=\"line-height: 1.2;\"><span style=\"font-family: \'trebuchet ms\', geneva, sans-serif;\"><strong>Назначение:</strong>&nbsp;фрирайд / универсальная</span></div>\r\n<div style=\"line-height: 1.2;\"><span style=\"font-family: \'trebuchet ms\', geneva, sans-serif;\"><strong>Прогиб:</strong>&nbsp;гибрид</span></div>', 0, 0, 0, 0, '341900', NULL, '2.50', 'male', '{\"title\": \"Lib Tech MC Snake Kink 159\", \"description\": \"Эту доску Вы наверняка узнаете издалека. Она стала еще ярче и заметнее, чем в прошлом сезоне, хотя тогда это казалось невозможным. Но для Мэтта Камминса и Дэмиана Фултона нет ничего невозможного, и вот уже Radical Rick на своем велосипеде покоряет очередной MC Snake Kink.  Очередная экспериментальная модель для фрирайда, над которой работал Мэтт, получилась вполне себе универсальной, ведь отсутствие свежего снега не отменяет катания, а Snake Kink прекрасно чувствует себя как в метре паудера так и на жестком утреннем вельвете. Прогиб С3 (cильно выраженный вдоль всей доски кэмбер, с мягким рокером между креплений) - гарантия стабильности и уверенности на любом рельефе (а поможет этому обязательный для досок Lib Tech Magne-Traction), направленная геометрия Directional с более удлиненным носом относительно хвоста подстрахует в глубом снегу, а сердечник Original Power с оплеткой из комбинированного стекловолокна обеспечит общую жесткость и невероятный щелчок. Как видите, несмотря на ориентирование на внетрассовое катание, Snake Kink отлично будет себя чувствовать и в любых других условиях. Отдельно стоит упомянуть про графику. Ее автором уже не в первый раз стал Дэмиан Фултон - настоящая легенда, между прочим, как и Мэтт Камминс. В прошлом арт-директор Marvel Comics (что само по себе уровень), он начал свой творческий путь очень давно, и уже много лет назад влюбил в своего мульт-героя Радикального Рика множество будущих экстремалов по всему миру. В те времена Lib Tech была молодой командой, которой явно не хватало авторитета, чтобы обратиться к Дэмиану, но 25 лет спустя их совместная работа состоялась, и это еще один показатель того, что для настоящих мечтателей нет ничего невозможного!  Жёсткость: средняя Уровень: продвинутый / эксперт Геометрия: directional Назначение: фрирайд / универсальная Прогиб: гибрид\"}', 1, 3, '2021-01-27 10:13:22', '2021-01-28 08:49:09', NULL),
(17, 'Test', '<p>Test</p>', 1, 1, 1, 0, '1000', '999', '10.00', 'unisex', '{\"title\": \"Test\", \"description\": \"Test\"}', 1, 4, '2021-01-28 09:03:24', '2021-01-28 09:03:24', NULL);

-- --------------------------------------------------------

--
-- Структура таблицы `product_skuses`
--

CREATE TABLE `product_skuses` (
  `id` bigint(20) UNSIGNED NOT NULL,
  `stock` int(11) NOT NULL,
  `product_id` bigint(20) UNSIGNED NOT NULL,
  `skus_id` bigint(20) UNSIGNED NOT NULL,
  `created_at` timestamp NULL DEFAULT NULL,
  `updated_at` timestamp NULL DEFAULT NULL
) ENGINE=InnoDB DEFAULT CHARSET=utf8mb4 COLLATE=utf8mb4_unicode_ci;

--
-- Дамп данных таблицы `product_skuses`
--

INSERT INTO `product_skuses` (`id`, `stock`, `product_id`, `skus_id`, `created_at`, `updated_at`) VALUES
(1, 1, 1, 1, '2021-01-26 09:22:37', '2021-01-26 09:22:37'),
(2, 1, 2, 2, '2021-01-26 09:40:42', '2021-01-26 09:40:42'),
(3, 1, 3, 3, '2021-01-26 09:58:21', '2021-01-26 09:58:21'),
(4, 1, 4, 4, '2021-01-26 10:12:30', '2021-01-26 10:12:30'),
(5, 1, 5, 2, '2021-01-26 10:32:31', '2021-01-26 10:32:31'),
(6, 1, 6, 5, '2021-01-26 10:45:47', '2021-01-26 10:45:47'),
(7, 1, 7, 6, '2021-01-26 12:06:20', '2021-01-26 12:06:20'),
(8, 1, 8, 7, '2021-01-26 12:26:04', '2021-01-26 12:26:04'),
(9, 1, 9, 8, '2021-01-26 13:09:43', '2021-01-26 13:09:43'),
(10, 1, 11, 9, '2021-01-27 09:04:59', '2021-01-27 09:04:59'),
(11, 1, 12, 1, '2021-01-27 09:17:06', '2021-01-27 09:17:06'),
(12, 1, 13, 9, '2021-01-27 09:54:09', '2021-01-27 09:54:09'),
(13, 1, 14, 4, '2021-01-27 09:59:22', '2021-01-27 09:59:22'),
(14, 1, 15, 10, '2021-01-27 10:10:19', '2021-01-27 10:10:19'),
(15, 1, 16, 1, '2021-01-27 10:13:22', '2021-01-28 08:49:09'),
(16, 0, 17, 2, '2021-01-28 09:03:24', '2021-01-28 09:17:14'),
(17, 2, 17, 3, '2021-01-28 09:03:24', '2021-01-28 09:18:51'),
(18, 1, 17, 4, '2021-01-28 09:03:24', '2021-01-29 12:31:15'),
(19, 5, 17, 5, '2021-01-28 09:03:24', '2021-01-28 09:19:03');

-- --------------------------------------------------------

--
-- Структура таблицы `settings`
--

CREATE TABLE `settings` (
  `id` bigint(20) UNSIGNED NOT NULL,
  `name` varchar(255) COLLATE utf8mb4_unicode_ci NOT NULL,
  `data` varchar(255) COLLATE utf8mb4_unicode_ci NOT NULL,
  `created_at` timestamp NULL DEFAULT NULL,
  `updated_at` timestamp NULL DEFAULT NULL
) ENGINE=InnoDB DEFAULT CHARSET=utf8mb4 COLLATE=utf8mb4_unicode_ci;

--
-- Дамп данных таблицы `settings`
--

INSERT INTO `settings` (`id`, `name`, `data`, `created_at`, `updated_at`) VALUES
(1, 'cash', '1', '2021-01-22 04:25:07', '2021-01-29 12:43:18'),
(2, 'cloudPayment', '1', '2021-01-22 04:25:07', '2021-01-29 12:43:18');

-- --------------------------------------------------------

--
-- Структура таблицы `skuses`
--

CREATE TABLE `skuses` (
  `id` bigint(20) UNSIGNED NOT NULL,
  `title` varchar(255) COLLATE utf8mb4_unicode_ci NOT NULL,
  `weight` int(11) NOT NULL,
  `skus_category_id` bigint(20) UNSIGNED NOT NULL,
  `created_at` timestamp NULL DEFAULT NULL,
  `updated_at` timestamp NULL DEFAULT NULL
) ENGINE=InnoDB DEFAULT CHARSET=utf8mb4 COLLATE=utf8mb4_unicode_ci;

--
-- Дамп данных таблицы `skuses`
--

INSERT INTO `skuses` (`id`, `title`, `weight`, `skus_category_id`, `created_at`, `updated_at`) VALUES
(1, '159', 1, 2, '2021-01-26 09:22:04', '2021-01-26 09:22:04'),
(2, '156', 2, 2, '2021-01-26 09:37:12', '2021-01-26 09:37:12'),
(3, '157', 3, 2, '2021-01-26 09:57:17', '2021-01-26 09:57:17'),
(4, '151', 4, 2, '2021-01-26 10:08:29', '2021-01-26 10:08:29'),
(5, '120', 66, 2, '2021-01-26 10:42:35', '2021-01-26 10:42:35'),
(6, '145', 620, 2, '2021-01-26 12:00:01', '2021-01-26 12:00:01'),
(7, '147', 69, 2, '2021-01-26 12:08:36', '2021-01-26 12:08:36'),
(8, '149', 55, 2, '2021-01-26 13:06:27', '2021-01-26 13:06:27'),
(9, '155', 96, 2, '2021-01-27 09:04:14', '2021-01-27 09:04:14'),
(10, '153', 51, 2, '2021-01-27 10:03:15', '2021-01-27 10:03:15');

-- --------------------------------------------------------

--
-- Структура таблицы `skus_categories`
--

CREATE TABLE `skus_categories` (
  `id` bigint(20) UNSIGNED NOT NULL,
  `name` varchar(255) COLLATE utf8mb4_unicode_ci NOT NULL,
  `created_at` timestamp NULL DEFAULT NULL,
  `updated_at` timestamp NULL DEFAULT NULL
) ENGINE=InnoDB DEFAULT CHARSET=utf8mb4 COLLATE=utf8mb4_unicode_ci;

--
-- Дамп данных таблицы `skus_categories`
--

INSERT INTO `skus_categories` (`id`, `name`, `created_at`, `updated_at`) VALUES
(2, 'Сноуборды', '2021-01-26 09:21:49', '2021-01-26 09:21:49');

-- --------------------------------------------------------

--
-- Структура таблицы `telescope_entries`
--

CREATE TABLE `telescope_entries` (
  `sequence` bigint(20) UNSIGNED NOT NULL,
  `uuid` char(36) COLLATE utf8mb4_unicode_ci NOT NULL,
  `batch_id` char(36) COLLATE utf8mb4_unicode_ci NOT NULL,
  `family_hash` varchar(255) COLLATE utf8mb4_unicode_ci DEFAULT NULL,
  `should_display_on_index` tinyint(1) NOT NULL DEFAULT '1',
  `type` varchar(20) COLLATE utf8mb4_unicode_ci NOT NULL,
  `content` longtext COLLATE utf8mb4_unicode_ci NOT NULL,
  `created_at` datetime DEFAULT NULL
) ENGINE=InnoDB DEFAULT CHARSET=utf8mb4 COLLATE=utf8mb4_unicode_ci;

-- --------------------------------------------------------

--
-- Структура таблицы `telescope_entries_tags`
--

CREATE TABLE `telescope_entries_tags` (
  `entry_uuid` char(36) COLLATE utf8mb4_unicode_ci NOT NULL,
  `tag` varchar(255) COLLATE utf8mb4_unicode_ci NOT NULL
) ENGINE=InnoDB DEFAULT CHARSET=utf8mb4 COLLATE=utf8mb4_unicode_ci;

-- --------------------------------------------------------

--
-- Структура таблицы `telescope_monitoring`
--

CREATE TABLE `telescope_monitoring` (
  `tag` varchar(255) COLLATE utf8mb4_unicode_ci NOT NULL
) ENGINE=InnoDB DEFAULT CHARSET=utf8mb4 COLLATE=utf8mb4_unicode_ci;

-- --------------------------------------------------------

--
-- Структура таблицы `users`
--

CREATE TABLE `users` (
  `id` bigint(20) UNSIGNED NOT NULL,
  `name` varchar(255) COLLATE utf8mb4_unicode_ci NOT NULL,
  `avatar` text COLLATE utf8mb4_unicode_ci,
  `email` varchar(255) COLLATE utf8mb4_unicode_ci NOT NULL,
  `email_verified_at` timestamp NULL DEFAULT NULL,
  `password` varchar(255) COLLATE utf8mb4_unicode_ci NOT NULL,
  `address` text COLLATE utf8mb4_unicode_ci,
  `post_code` varchar(255) COLLATE utf8mb4_unicode_ci DEFAULT NULL,
  `phone` varchar(255) COLLATE utf8mb4_unicode_ci DEFAULT NULL,
  `country_id` bigint(20) UNSIGNED DEFAULT NULL,
  `city_id` bigint(20) UNSIGNED DEFAULT NULL,
  `currency_id` bigint(20) UNSIGNED DEFAULT NULL,
  `is_admin` tinyint(1) NOT NULL DEFAULT '0',
  `remember_token` varchar(100) COLLATE utf8mb4_unicode_ci DEFAULT NULL,
  `created_at` timestamp NULL DEFAULT NULL,
  `updated_at` timestamp NULL DEFAULT NULL
) ENGINE=InnoDB DEFAULT CHARSET=utf8mb4 COLLATE=utf8mb4_unicode_ci;

--
-- Дамп данных таблицы `users`
--

INSERT INTO `users` (`id`, `name`, `avatar`, `email`, `email_verified_at`, `password`, `address`, `post_code`, `phone`, `country_id`, `city_id`, `currency_id`, `is_admin`, `remember_token`, `created_at`, `updated_at`) VALUES
(1, 'Андрей Артышко Алексеевич', '1611909036.jpg', 'artyshko.andrey@gmail.com', NULL, '$2y$10$qklL3fdQo2X355MD8D8QM.gFmJp/k80yW9rTkQCcjee/VYKY22WTC', 'Горького 24, 25', '660099', '+7 (902) 963-43-66', 1, 1116, 2, 1, NULL, '2021-01-05 06:31:39', '2021-01-29 12:30:36'),
(2, 'Роман', NULL, 'iminovarts@gmail.com', NULL, '$2y$10$LbSGgkMpEaBPEwFB2q3UduMaAGYqROEppU2sLSKtqfhXICeu2yCLq', 'Казахстан', '660099', NULL, 82, 10451, NULL, 1, NULL, '2021-01-05 06:31:39', '2021-01-05 06:31:39'),
(3, 'Артышко Андрей Алексеевич', NULL, 'artyshko.test@gmail.com', NULL, '$2y$10$V5zSaZH8NfjbhCdQjMW8IeuOEBIAEJZcgoTbJTUoXkJQL0df3TulO', 'artyshko.test@gmail.com', '660099', '+7 (902) 963-43-66', 1, 1116, 2, 0, NULL, '2021-01-27 15:45:35', '2021-01-27 15:46:13'),
(4, 'Андрей Артышко', '1611912394.jpg', 'artyshko.andreygg@gmail.com', NULL, '$2y$10$tIHoTA9sTup0OLqLc8wE7u8LLxTlj8SH5Z/vFS9B5bX.Q/nsoKBce', 'Горького 24', '660099', '+7 (890) 296-34-36', 1, 1116, 3, 0, NULL, '2021-01-29 13:26:16', '2021-01-29 13:26:51');

--
-- Индексы сохранённых таблиц
--

--
-- Индексы таблицы `brands`
--
ALTER TABLE `brands`
  ADD PRIMARY KEY (`id`),
  ADD UNIQUE KEY `brands_name_unique` (`name`);

--
-- Индексы таблицы `cart_items`
--
ALTER TABLE `cart_items`
  ADD PRIMARY KEY (`id`),
  ADD KEY `cart_items_user_id_foreign` (`user_id`),
  ADD KEY `cart_items_product_sku_id_foreign` (`product_sku_id`);

--
-- Индексы таблицы `categories`
--
ALTER TABLE `categories`
  ADD PRIMARY KEY (`id`);

--
-- Индексы таблицы `categories_categories`
--
ALTER TABLE `categories_categories`
  ADD PRIMARY KEY (`id`),
  ADD KEY `categories_categories_category_id_foreign` (`category_id`),
  ADD KEY `categories_categories_child_category_id_foreign` (`child_category_id`);

--
-- Индексы таблицы `cities`
--
ALTER TABLE `cities`
  ADD PRIMARY KEY (`id`),
  ADD KEY `cities_country_id_foreign` (`country_id`);

--
-- Индексы таблицы `countries`
--
ALTER TABLE `countries`
  ADD PRIMARY KEY (`id`);

--
-- Индексы таблицы `coupons_brands`
--
ALTER TABLE `coupons_brands`
  ADD PRIMARY KEY (`id`),
  ADD KEY `coupons_brands_brand_id_foreign` (`brand_id`),
  ADD KEY `coupons_brands_coupon_id_foreign` (`coupon_id`);

--
-- Индексы таблицы `coupons_categories`
--
ALTER TABLE `coupons_categories`
  ADD PRIMARY KEY (`id`),
  ADD KEY `coupons_categories_category_id_foreign` (`category_id`),
  ADD KEY `coupons_categories_coupon_id_foreign` (`coupon_id`);

--
-- Индексы таблицы `coupons_products`
--
ALTER TABLE `coupons_products`
  ADD PRIMARY KEY (`id`),
  ADD KEY `coupons_products_product_id_foreign` (`product_id`),
  ADD KEY `coupons_products_coupon_id_foreign` (`coupon_id`);

--
-- Индексы таблицы `coupon_codes`
--
ALTER TABLE `coupon_codes`
  ADD PRIMARY KEY (`id`),
  ADD UNIQUE KEY `coupon_codes_code_unique` (`code`);

--
-- Индексы таблицы `currencies`
--
ALTER TABLE `currencies`
  ADD PRIMARY KEY (`id`);

--
-- Индексы таблицы `disabled_coupons_brands`
--
ALTER TABLE `disabled_coupons_brands`
  ADD PRIMARY KEY (`id`),
  ADD KEY `disabled_coupons_brands_brand_id_foreign` (`brand_id`),
  ADD KEY `disabled_coupons_brands_coupon_id_foreign` (`coupon_id`);

--
-- Индексы таблицы `disabled_coupons_categories`
--
ALTER TABLE `disabled_coupons_categories`
  ADD PRIMARY KEY (`id`),
  ADD KEY `disabled_coupons_categories_category_id_foreign` (`category_id`),
  ADD KEY `disabled_coupons_categories_coupon_id_foreign` (`coupon_id`);

--
-- Индексы таблицы `disabled_coupons_products`
--
ALTER TABLE `disabled_coupons_products`
  ADD PRIMARY KEY (`id`),
  ADD KEY `disabled_coupons_products_product_id_foreign` (`product_id`),
  ADD KEY `disabled_coupons_products_coupon_id_foreign` (`coupon_id`);

--
-- Индексы таблицы `failed_jobs`
--
ALTER TABLE `failed_jobs`
  ADD PRIMARY KEY (`id`),
  ADD UNIQUE KEY `failed_jobs_uuid_unique` (`uuid`);

--
-- Индексы таблицы `jobs`
--
ALTER TABLE `jobs`
  ADD PRIMARY KEY (`id`),
  ADD KEY `jobs_queue_index` (`queue`);

--
-- Индексы таблицы `migrations`
--
ALTER TABLE `migrations`
  ADD PRIMARY KEY (`id`);

--
-- Индексы таблицы `orders`
--
ALTER TABLE `orders`
  ADD PRIMARY KEY (`id`),
  ADD UNIQUE KEY `orders_no_unique` (`no`),
  ADD KEY `orders_user_id_foreign` (`user_id`),
  ADD KEY `orders_coupon_code_id_foreign` (`coupon_code_id`);

--
-- Индексы таблицы `order_items`
--
ALTER TABLE `order_items`
  ADD PRIMARY KEY (`id`),
  ADD KEY `order_items_product_id_foreign` (`product_id`),
  ADD KEY `order_items_order_id_foreign` (`order_id`),
  ADD KEY `order_items_skus_id_foreign` (`skus_id`);

--
-- Индексы таблицы `password_resets`
--
ALTER TABLE `password_resets`
  ADD KEY `password_resets_email_index` (`email`);

--
-- Индексы таблицы `photos`
--
ALTER TABLE `photos`
  ADD PRIMARY KEY (`id`),
  ADD KEY `photos_product_id_foreign` (`product_id`);

--
-- Индексы таблицы `products`
--
ALTER TABLE `products`
  ADD PRIMARY KEY (`id`),
  ADD KEY `products_brand_id_foreign` (`brand_id`),
  ADD KEY `products_category_id_foreign` (`category_id`);

--
-- Индексы таблицы `product_skuses`
--
ALTER TABLE `product_skuses`
  ADD PRIMARY KEY (`id`),
  ADD KEY `product_skuses_product_id_foreign` (`product_id`),
  ADD KEY `product_skuses_skus_id_foreign` (`skus_id`);

--
-- Индексы таблицы `settings`
--
ALTER TABLE `settings`
  ADD PRIMARY KEY (`id`);

--
-- Индексы таблицы `skuses`
--
ALTER TABLE `skuses`
  ADD PRIMARY KEY (`id`),
  ADD KEY `skuses_skus_category_id_foreign` (`skus_category_id`);

--
-- Индексы таблицы `skus_categories`
--
ALTER TABLE `skus_categories`
  ADD PRIMARY KEY (`id`),
  ADD UNIQUE KEY `skus_categories_name_unique` (`name`);

--
-- Индексы таблицы `telescope_entries`
--
ALTER TABLE `telescope_entries`
  ADD PRIMARY KEY (`sequence`),
  ADD UNIQUE KEY `telescope_entries_uuid_unique` (`uuid`),
  ADD KEY `telescope_entries_batch_id_index` (`batch_id`),
  ADD KEY `telescope_entries_family_hash_index` (`family_hash`),
  ADD KEY `telescope_entries_created_at_index` (`created_at`),
  ADD KEY `telescope_entries_type_should_display_on_index_index` (`type`,`should_display_on_index`);

--
-- Индексы таблицы `telescope_entries_tags`
--
ALTER TABLE `telescope_entries_tags`
  ADD KEY `telescope_entries_tags_entry_uuid_tag_index` (`entry_uuid`,`tag`),
  ADD KEY `telescope_entries_tags_tag_index` (`tag`);

--
-- Индексы таблицы `users`
--
ALTER TABLE `users`
  ADD PRIMARY KEY (`id`),
  ADD UNIQUE KEY `users_email_unique` (`email`),
  ADD KEY `users_country_id_foreign` (`country_id`),
  ADD KEY `users_city_id_foreign` (`city_id`),
  ADD KEY `users_currency_id_foreign` (`currency_id`);

--
-- AUTO_INCREMENT для сохранённых таблиц
--

--
-- AUTO_INCREMENT для таблицы `brands`
--
ALTER TABLE `brands`
  MODIFY `id` bigint(20) UNSIGNED NOT NULL AUTO_INCREMENT, AUTO_INCREMENT=10;

--
-- AUTO_INCREMENT для таблицы `cart_items`
--
ALTER TABLE `cart_items`
  MODIFY `id` bigint(20) UNSIGNED NOT NULL AUTO_INCREMENT, AUTO_INCREMENT=20;

--
-- AUTO_INCREMENT для таблицы `categories`
--
ALTER TABLE `categories`
  MODIFY `id` bigint(20) UNSIGNED NOT NULL AUTO_INCREMENT, AUTO_INCREMENT=10;

--
-- AUTO_INCREMENT для таблицы `categories_categories`
--
ALTER TABLE `categories_categories`
  MODIFY `id` bigint(20) UNSIGNED NOT NULL AUTO_INCREMENT, AUTO_INCREMENT=8;

--
-- AUTO_INCREMENT для таблицы `cities`
--
ALTER TABLE `cities`
  MODIFY `id` bigint(20) UNSIGNED NOT NULL AUTO_INCREMENT, AUTO_INCREMENT=17591;

--
-- AUTO_INCREMENT для таблицы `countries`
--
ALTER TABLE `countries`
  MODIFY `id` bigint(20) UNSIGNED NOT NULL AUTO_INCREMENT, AUTO_INCREMENT=219;

--
-- AUTO_INCREMENT для таблицы `coupons_brands`
--
ALTER TABLE `coupons_brands`
  MODIFY `id` bigint(20) UNSIGNED NOT NULL AUTO_INCREMENT;

--
-- AUTO_INCREMENT для таблицы `coupons_categories`
--
ALTER TABLE `coupons_categories`
  MODIFY `id` bigint(20) UNSIGNED NOT NULL AUTO_INCREMENT;

--
-- AUTO_INCREMENT для таблицы `coupons_products`
--
ALTER TABLE `coupons_products`
  MODIFY `id` bigint(20) UNSIGNED NOT NULL AUTO_INCREMENT;

--
-- AUTO_INCREMENT для таблицы `coupon_codes`
--
ALTER TABLE `coupon_codes`
  MODIFY `id` bigint(20) UNSIGNED NOT NULL AUTO_INCREMENT, AUTO_INCREMENT=2;

--
-- AUTO_INCREMENT для таблицы `currencies`
--
ALTER TABLE `currencies`
  MODIFY `id` bigint(20) UNSIGNED NOT NULL AUTO_INCREMENT, AUTO_INCREMENT=4;

--
-- AUTO_INCREMENT для таблицы `disabled_coupons_brands`
--
ALTER TABLE `disabled_coupons_brands`
  MODIFY `id` bigint(20) UNSIGNED NOT NULL AUTO_INCREMENT;

--
-- AUTO_INCREMENT для таблицы `disabled_coupons_categories`
--
ALTER TABLE `disabled_coupons_categories`
  MODIFY `id` bigint(20) UNSIGNED NOT NULL AUTO_INCREMENT;

--
-- AUTO_INCREMENT для таблицы `disabled_coupons_products`
--
ALTER TABLE `disabled_coupons_products`
  MODIFY `id` bigint(20) UNSIGNED NOT NULL AUTO_INCREMENT;

--
-- AUTO_INCREMENT для таблицы `failed_jobs`
--
ALTER TABLE `failed_jobs`
  MODIFY `id` bigint(20) UNSIGNED NOT NULL AUTO_INCREMENT;

--
-- AUTO_INCREMENT для таблицы `jobs`
--
ALTER TABLE `jobs`
  MODIFY `id` bigint(20) UNSIGNED NOT NULL AUTO_INCREMENT, AUTO_INCREMENT=13;

--
-- AUTO_INCREMENT для таблицы `migrations`
--
ALTER TABLE `migrations`
  MODIFY `id` int(10) UNSIGNED NOT NULL AUTO_INCREMENT, AUTO_INCREMENT=30;

--
-- AUTO_INCREMENT для таблицы `orders`
--
ALTER TABLE `orders`
  MODIFY `id` bigint(20) UNSIGNED NOT NULL AUTO_INCREMENT, AUTO_INCREMENT=7;

--
-- AUTO_INCREMENT для таблицы `order_items`
--
ALTER TABLE `order_items`
  MODIFY `id` bigint(20) UNSIGNED NOT NULL AUTO_INCREMENT, AUTO_INCREMENT=7;

--
-- AUTO_INCREMENT для таблицы `photos`
--
ALTER TABLE `photos`
  MODIFY `id` bigint(20) UNSIGNED NOT NULL AUTO_INCREMENT, AUTO_INCREMENT=40;

--
-- AUTO_INCREMENT для таблицы `products`
--
ALTER TABLE `products`
  MODIFY `id` bigint(20) UNSIGNED NOT NULL AUTO_INCREMENT, AUTO_INCREMENT=18;

--
-- AUTO_INCREMENT для таблицы `product_skuses`
--
ALTER TABLE `product_skuses`
  MODIFY `id` bigint(20) UNSIGNED NOT NULL AUTO_INCREMENT, AUTO_INCREMENT=20;

--
-- AUTO_INCREMENT для таблицы `settings`
--
ALTER TABLE `settings`
  MODIFY `id` bigint(20) UNSIGNED NOT NULL AUTO_INCREMENT, AUTO_INCREMENT=3;

--
-- AUTO_INCREMENT для таблицы `skuses`
--
ALTER TABLE `skuses`
  MODIFY `id` bigint(20) UNSIGNED NOT NULL AUTO_INCREMENT, AUTO_INCREMENT=11;

--
-- AUTO_INCREMENT для таблицы `skus_categories`
--
ALTER TABLE `skus_categories`
  MODIFY `id` bigint(20) UNSIGNED NOT NULL AUTO_INCREMENT, AUTO_INCREMENT=3;

--
-- AUTO_INCREMENT для таблицы `telescope_entries`
--
ALTER TABLE `telescope_entries`
  MODIFY `sequence` bigint(20) UNSIGNED NOT NULL AUTO_INCREMENT;

--
-- AUTO_INCREMENT для таблицы `users`
--
ALTER TABLE `users`
  MODIFY `id` bigint(20) UNSIGNED NOT NULL AUTO_INCREMENT, AUTO_INCREMENT=5;

--
-- Ограничения внешнего ключа сохраненных таблиц
--

--
-- Ограничения внешнего ключа таблицы `cart_items`
--
ALTER TABLE `cart_items`
  ADD CONSTRAINT `cart_items_product_sku_id_foreign` FOREIGN KEY (`product_sku_id`) REFERENCES `product_skuses` (`id`) ON DELETE CASCADE ON UPDATE CASCADE,
  ADD CONSTRAINT `cart_items_user_id_foreign` FOREIGN KEY (`user_id`) REFERENCES `users` (`id`) ON DELETE CASCADE ON UPDATE CASCADE;

--
-- Ограничения внешнего ключа таблицы `categories_categories`
--
ALTER TABLE `categories_categories`
  ADD CONSTRAINT `categories_categories_category_id_foreign` FOREIGN KEY (`category_id`) REFERENCES `categories` (`id`) ON DELETE CASCADE ON UPDATE CASCADE,
  ADD CONSTRAINT `categories_categories_child_category_id_foreign` FOREIGN KEY (`child_category_id`) REFERENCES `categories` (`id`) ON DELETE CASCADE ON UPDATE CASCADE;

--
-- Ограничения внешнего ключа таблицы `cities`
--
ALTER TABLE `cities`
  ADD CONSTRAINT `cities_country_id_foreign` FOREIGN KEY (`country_id`) REFERENCES `countries` (`id`) ON DELETE CASCADE ON UPDATE CASCADE;

--
-- Ограничения внешнего ключа таблицы `coupons_brands`
--
ALTER TABLE `coupons_brands`
  ADD CONSTRAINT `coupons_brands_brand_id_foreign` FOREIGN KEY (`brand_id`) REFERENCES `brands` (`id`) ON DELETE CASCADE ON UPDATE CASCADE,
  ADD CONSTRAINT `coupons_brands_coupon_id_foreign` FOREIGN KEY (`coupon_id`) REFERENCES `coupon_codes` (`id`) ON DELETE CASCADE ON UPDATE CASCADE;

--
-- Ограничения внешнего ключа таблицы `coupons_categories`
--
ALTER TABLE `coupons_categories`
  ADD CONSTRAINT `coupons_categories_category_id_foreign` FOREIGN KEY (`category_id`) REFERENCES `categories` (`id`) ON DELETE CASCADE ON UPDATE CASCADE,
  ADD CONSTRAINT `coupons_categories_coupon_id_foreign` FOREIGN KEY (`coupon_id`) REFERENCES `coupon_codes` (`id`) ON DELETE CASCADE ON UPDATE CASCADE;

--
-- Ограничения внешнего ключа таблицы `coupons_products`
--
ALTER TABLE `coupons_products`
  ADD CONSTRAINT `coupons_products_coupon_id_foreign` FOREIGN KEY (`coupon_id`) REFERENCES `coupon_codes` (`id`) ON DELETE CASCADE ON UPDATE CASCADE,
  ADD CONSTRAINT `coupons_products_product_id_foreign` FOREIGN KEY (`product_id`) REFERENCES `products` (`id`) ON DELETE CASCADE ON UPDATE CASCADE;

--
-- Ограничения внешнего ключа таблицы `disabled_coupons_brands`
--
ALTER TABLE `disabled_coupons_brands`
  ADD CONSTRAINT `disabled_coupons_brands_brand_id_foreign` FOREIGN KEY (`brand_id`) REFERENCES `brands` (`id`) ON DELETE CASCADE ON UPDATE CASCADE,
  ADD CONSTRAINT `disabled_coupons_brands_coupon_id_foreign` FOREIGN KEY (`coupon_id`) REFERENCES `coupon_codes` (`id`) ON DELETE CASCADE ON UPDATE CASCADE;

--
-- Ограничения внешнего ключа таблицы `disabled_coupons_categories`
--
ALTER TABLE `disabled_coupons_categories`
  ADD CONSTRAINT `disabled_coupons_categories_category_id_foreign` FOREIGN KEY (`category_id`) REFERENCES `categories` (`id`) ON DELETE CASCADE ON UPDATE CASCADE,
  ADD CONSTRAINT `disabled_coupons_categories_coupon_id_foreign` FOREIGN KEY (`coupon_id`) REFERENCES `coupon_codes` (`id`) ON DELETE CASCADE ON UPDATE CASCADE;

--
-- Ограничения внешнего ключа таблицы `disabled_coupons_products`
--
ALTER TABLE `disabled_coupons_products`
  ADD CONSTRAINT `disabled_coupons_products_coupon_id_foreign` FOREIGN KEY (`coupon_id`) REFERENCES `coupon_codes` (`id`) ON DELETE CASCADE ON UPDATE CASCADE,
  ADD CONSTRAINT `disabled_coupons_products_product_id_foreign` FOREIGN KEY (`product_id`) REFERENCES `products` (`id`) ON DELETE CASCADE ON UPDATE CASCADE;

--
-- Ограничения внешнего ключа таблицы `orders`
--
ALTER TABLE `orders`
  ADD CONSTRAINT `orders_coupon_code_id_foreign` FOREIGN KEY (`coupon_code_id`) REFERENCES `coupon_codes` (`id`) ON DELETE SET NULL,
  ADD CONSTRAINT `orders_user_id_foreign` FOREIGN KEY (`user_id`) REFERENCES `users` (`id`) ON DELETE CASCADE ON UPDATE CASCADE;

--
-- Ограничения внешнего ключа таблицы `order_items`
--
ALTER TABLE `order_items`
  ADD CONSTRAINT `order_items_order_id_foreign` FOREIGN KEY (`order_id`) REFERENCES `orders` (`id`) ON DELETE CASCADE ON UPDATE CASCADE,
  ADD CONSTRAINT `order_items_product_id_foreign` FOREIGN KEY (`product_id`) REFERENCES `products` (`id`) ON DELETE CASCADE ON UPDATE CASCADE,
  ADD CONSTRAINT `order_items_skus_id_foreign` FOREIGN KEY (`skus_id`) REFERENCES `skuses` (`id`) ON DELETE CASCADE ON UPDATE CASCADE;

--
-- Ограничения внешнего ключа таблицы `photos`
--
ALTER TABLE `photos`
  ADD CONSTRAINT `photos_product_id_foreign` FOREIGN KEY (`product_id`) REFERENCES `products` (`id`) ON DELETE CASCADE ON UPDATE CASCADE;

--
-- Ограничения внешнего ключа таблицы `products`
--
ALTER TABLE `products`
  ADD CONSTRAINT `products_brand_id_foreign` FOREIGN KEY (`brand_id`) REFERENCES `brands` (`id`) ON DELETE SET NULL ON UPDATE CASCADE,
  ADD CONSTRAINT `products_category_id_foreign` FOREIGN KEY (`category_id`) REFERENCES `categories` (`id`) ON DELETE SET NULL ON UPDATE CASCADE;

--
-- Ограничения внешнего ключа таблицы `product_skuses`
--
ALTER TABLE `product_skuses`
  ADD CONSTRAINT `product_skuses_product_id_foreign` FOREIGN KEY (`product_id`) REFERENCES `products` (`id`) ON DELETE CASCADE ON UPDATE CASCADE,
  ADD CONSTRAINT `product_skuses_skus_id_foreign` FOREIGN KEY (`skus_id`) REFERENCES `skuses` (`id`) ON DELETE CASCADE ON UPDATE CASCADE;

--
-- Ограничения внешнего ключа таблицы `skuses`
--
ALTER TABLE `skuses`
  ADD CONSTRAINT `skuses_skus_category_id_foreign` FOREIGN KEY (`skus_category_id`) REFERENCES `skus_categories` (`id`) ON DELETE CASCADE ON UPDATE CASCADE;

--
-- Ограничения внешнего ключа таблицы `telescope_entries_tags`
--
ALTER TABLE `telescope_entries_tags`
  ADD CONSTRAINT `telescope_entries_tags_entry_uuid_foreign` FOREIGN KEY (`entry_uuid`) REFERENCES `telescope_entries` (`uuid`) ON DELETE CASCADE;

--
-- Ограничения внешнего ключа таблицы `users`
--
ALTER TABLE `users`
  ADD CONSTRAINT `users_city_id_foreign` FOREIGN KEY (`city_id`) REFERENCES `cities` (`id`) ON DELETE SET NULL ON UPDATE CASCADE,
  ADD CONSTRAINT `users_country_id_foreign` FOREIGN KEY (`country_id`) REFERENCES `countries` (`id`) ON DELETE SET NULL ON UPDATE CASCADE,
  ADD CONSTRAINT `users_currency_id_foreign` FOREIGN KEY (`currency_id`) REFERENCES `currencies` (`id`) ON DELETE SET NULL ON UPDATE CASCADE;
COMMIT;

/*!40101 SET CHARACTER_SET_CLIENT=@OLD_CHARACTER_SET_CLIENT */;
/*!40101 SET CHARACTER_SET_RESULTS=@OLD_CHARACTER_SET_RESULTS */;
/*!40101 SET COLLATION_CONNECTION=@OLD_COLLATION_CONNECTION */;
